mean_predicted,km_observed,ci_lower,ci_upper,n_patients,model,cancer,fold
0.5133306234705171,0.5555555555555555,0.07344165011273368,0.8760704399907502,20,SurvPath,BRCA,0
0.674028577678109,0.9473684210526316,0.6811867998062862,0.992414635519268,20,SurvPath,BRCA,0
0.7579812197969839,0.768627450980392,0.41457232108653247,0.9243682300135846,20,SurvPath,BRCA,0
0.8146274742442572,1.0,1.0,1.0,20,SurvPath,BRCA,0
0.8525116684947711,0.8814814814814815,0.601933044647166,0.9691351652843214,20,SurvPath,BRCA,0
0.8770208136496436,0.8615384615384614,0.5497023409435478,0.9635608237409667,20,SurvPath,BRCA,0
0.8950106460000763,0.8888888888888886,0.4329650902258062,0.9835640285255789,20,SurvPath,BRCA,0
0.9047505369191947,1.0,1.0,1.0,20,SurvPath,BRCA,0
0.9140988118908775,0.7815789473684212,0.45232283213795277,0.926305901985285,20,SurvPath,BRCA,0
0.926740098223044,1.0,1.0,1.0,21,SurvPath,BRCA,0
0.4855285219429872,0.7612781954887219,0.3811313692079859,0.9257737119354058,20,SurvPath,BRCA,1
0.6565756156511181,0.7999999999999997,0.40869078163340444,0.9458726458389115,20,SurvPath,BRCA,1
0.733066572477921,0.7892307692307692,0.46447551772793916,0.9295457327540465,20,SurvPath,BRCA,1
0.7774324452655964,0.8357142857142859,0.48041041283260133,0.9570167463797732,20,SurvPath,BRCA,1
0.8078567939940114,0.9285714285714287,0.5907668674267574,0.98961982313685,20,SurvPath,BRCA,1
0.8339691692839943,0.8038277511961722,0.49740024584875014,0.9339968605327599,20,SurvPath,BRCA,1
0.8560307488405583,0.8888888888888886,0.4329650902258062,0.9835640285255789,20,SurvPath,BRCA,1
0.8769153723329227,1.0,1.0,1.0,20,SurvPath,BRCA,1
0.8981627918256493,1.0,1.0,1.0,20,SurvPath,BRCA,1
0.9198134735018255,1.0,1.0,1.0,21,SurvPath,BRCA,1
0.42349987137812883,0.6954248366013068,0.3222676302810237,0.890017293435134,20,SurvPath,BRCA,2
0.5225625587747068,0.9230769230769231,0.5663594661305215,0.9887940623036894,20,SurvPath,BRCA,2
0.6094842811307983,0.5079365079365079,0.08629373013203002,0.8292001939932891,20,SurvPath,BRCA,2
0.6558377176284778,0.7499999999999999,0.2982778922782436,0.933874906953504,20,SurvPath,BRCA,2
0.7048174633874397,0.9230769230769231,0.5663594661305215,0.9887940623036894,20,SurvPath,BRCA,2
0.7326214393174328,0.8571428571428572,0.3340538792922218,0.9785610585261756,20,SurvPath,BRCA,2
0.7536667412261877,1.0,0.5389771805707405,0.9878255654004581,20,SurvPath,BRCA,2
0.7820816513336084,1.0,1.0,1.0,20,SurvPath,BRCA,2
0.8039575389827242,0.95,0.6947431932565701,0.9928022285933972,20,SurvPath,BRCA,2
0.8268417911327142,0.9333333333333331,0.6126412437748727,0.9903322366500168,21,SurvPath,BRCA,2
0.3748684194983028,0.8750000000000001,0.38700001403202483,0.9813929658789661,20,SurvPath,BRCA,3
0.5489790467559025,0.6763599537037039,0.30815572214643994,0.8781887885414114,20,SurvPath,BRCA,3
0.689896614980461,0.8522727272727274,0.518970534716174,0.9617929559928443,20,SurvPath,BRCA,3
0.7719904490597909,0.7758333333333333,0.4207102919747657,0.9282927646210891,20,SurvPath,BRCA,3
0.8199351553042918,0.9375000000000001,0.6323454417389031,0.9909531417446664,20,SurvPath,BRCA,3
0.8568765785867966,0.8522727272727274,0.518970534716174,0.9617929559928443,20,SurvPath,BRCA,3
0.8835691620172712,1.0,1.0,1.0,20,SurvPath,BRCA,3
0.896171520358506,0.9444444444444446,0.666390168335329,0.991982923674006,20,SurvPath,BRCA,3
0.9067053936134972,0.9375000000000001,0.6323454417389031,0.9909531417446664,20,SurvPath,BRCA,3
0.9182647269541511,1.0,1.0,1.0,21,SurvPath,BRCA,3
0.3408967248848683,0.6736842105263156,0.3755916102109769,0.852718618360177,20,SurvPath,BRCA,4
0.5718912591849195,0.7552447552447553,0.4160900254697453,0.9140529451953577,20,SurvPath,BRCA,4
0.7114286061251663,0.9230769230769231,0.5663594661305215,0.9887940623036894,20,SurvPath,BRCA,4
0.7842367210588913,0.8166666666666665,0.41973399344200796,0.953852486873075,20,SurvPath,BRCA,4
0.8282438200810305,1.0,1.0,1.0,20,SurvPath,BRCA,4
0.8594802432873851,1.0,1.0,1.0,20,SurvPath,BRCA,4
0.8824214793097453,0.9444444444444446,0.666390168335329,0.991982923674006,20,SurvPath,BRCA,4
0.9019658424282844,0.9166666666666667,0.5389771805707405,0.9878255654004581,20,SurvPath,BRCA,4
0.9231397022610981,0.8888888888888886,0.4329650902258062,0.9835640285255789,20,SurvPath,BRCA,4
0.9399309934815792,1.0,1.0,1.0,20,SurvPath,BRCA,4
0.0860744088541758,0.7647058823529412,0.4099648987015034,0.9224634711141256,20,MCAT,BRCA,0
0.3758564518292431,0.6501547987616099,0.17387964185852206,0.7832830685860126,20,MCAT,BRCA,0
0.6824267539298869,0.8357142857142859,0.48041041283260133,0.9570167463797732,20,MCAT,BRCA,0
0.7945812347510333,0.8571428571428572,0.3340538792922218,0.9785610585261756,20,MCAT,BRCA,0
0.8615297141816424,0.9375000000000001,0.6323454417389031,0.9909531417446664,20,MCAT,BRCA,0
0.9040667117832134,0.8250000000000001,0.46094567705283446,0.9533403904972328,20,MCAT,BRCA,0
0.9129408388875359,1.0,1.0,1.0,20,MCAT,BRCA,0
0.9141395615912463,1.0,1.0,1.0,20,MCAT,BRCA,0
0.9144367613584053,0.9285714285714287,0.5907668674267574,0.98961982313685,20,MCAT,BRCA,0
0.9145213398734752,1.0,1.0,1.0,21,MCAT,BRCA,0
0.2299624549922965,0.7476923076923077,0.44504926941417755,0.9008377124969225,20,MCAT,BRCA,1
0.6247255079173184,0.8511904761904764,0.5234352921219435,0.9606918275594276,20,MCAT,BRCA,1
0.7711362761979736,0.8571428571428572,0.3340538792922218,0.9785610585261756,20,MCAT,BRCA,1
0.8471999383499472,0.9166666666666667,0.5389771805707405,0.9878255654004581,20,MCAT,BRCA,1
0.8939006895492689,1.0,1.0,1.0,20,MCAT,BRCA,1
0.9015422469304493,0.8444444444444441,0.47228032800129344,0.96261045095107,20,MCAT,BRCA,1
0.9030235330060302,0.8289473684210528,0.42917075971334623,0.9592491148506221,20,MCAT,BRCA,1
0.9033738641687986,0.8749999999999999,0.5859814368090156,0.9671888460291236,20,MCAT,BRCA,1
0.9035100155034111,0.9090909090909092,0.5080802057699292,0.9866738226678231,20,MCAT,BRCA,1
0.9035678267207323,1.0,1.0,1.0,21,MCAT,BRCA,1
0.05852078541541328,0.6787878787878785,0.27636328195132437,0.796055724346211,20,MCAT,BRCA,2
0.27113491767747816,0.8020833333333335,0.4025538720463128,0.9479496391798246,20,MCAT,BRCA,2
0.6587139530289238,0.9166666666666667,0.4025538720463128,0.9479496391798246,20,MCAT,BRCA,2
0.743754767931885,1.0,1.0,1.0,20,MCAT,BRCA,2
0.8460290192611651,0.7792207792207794,0.3543995222431069,0.9417727989089287,20,MCAT,BRCA,2
0.8738632258152089,0.9444444444444446,0.666390168335329,0.991982923674006,20,MCAT,BRCA,2
0.8808656034005251,1.0,1.0,1.0,20,MCAT,BRCA,2
0.8828759539160297,0.6666666666666666,0.05407342678651668,0.945206387272047,20,MCAT,BRCA,2
0.8834396421167048,0.8230531078828291,0.5412886873715134,0.9400884197543008,20,MCAT,BRCA,2
0.8835691664030876,1.0,1.0,1.0,21,MCAT,BRCA,2
0.06827189300707456,0.672268907563025,0.2615001959578263,0.88908696152387,20,MCAT,BRCA,3
0.415469271166747,0.8444444444444444,0.5911421112087242,0.947073406522508,20,MCAT,BRCA,3
0.671609654528355,0.6526806526806526,0.3140949106876608,0.8545346444887173,20,MCAT,BRCA,3
0.8210736992384522,1.0,1.0,1.0,20,MCAT,BRCA,3
0.8628179865390588,1.0,0.3340538792922218,0.9785610585261756,20,MCAT,BRCA,3
0.878843660991458,0.9411764705882352,0.6501789018555798,0.9914991055661495,20,MCAT,BRCA,3
0.8825004110658881,0.95,0.6947431932565701,0.9928022285933972,20,MCAT,BRCA,3
0.8828004971084834,1.0,1.0,1.0,20,MCAT,BRCA,3
0.8828484716955325,0.44074074074074077,0.011023340676968288,0.8616462090643022,20,MCAT,BRCA,3
0.8828733261794872,1.0,1.0,1.0,21,MCAT,BRCA,3
0.18790756832096497,0.7714285714285715,0.344942874677329,0.9386873807738738,20,MCAT,BRCA,4
0.3674734607796856,0.8441558441558444,0.5040503169361824,0.9589689023035121,20,MCAT,BRCA,4
0.5988754907564089,0.7658119658119654,0.42588717053494474,0.9199792732467724,20,MCAT,BRCA,4
0.7672961160551534,1.0,1.0,1.0,20,MCAT,BRCA,4
0.8533421561835647,0.9411764705882352,0.6501789018555798,0.9914991055661495,20,MCAT,BRCA,4
0.914372736109601,0.9,0.47300927136205023,0.9852813933673431,20,MCAT,BRCA,4
0.9293317200714194,0.8307692307692308,0.47173841058918564,0.9552795097611296,20,MCAT,BRCA,4
0.9298943784208229,0.757894736842105,0.4051554901651096,0.9184618181763593,20,MCAT,BRCA,4
0.929952836956921,1.0,1.0,1.0,20,MCAT,BRCA,4
0.9299743589272857,1.0,1.0,1.0,20,MCAT,BRCA,4
0.7238495696570891,0.9090909090909092,0.5080802057699292,0.9866738226678231,18,MMP,BRCA,0
0.8261589595120479,1.0,1.0,1.0,17,MMP,BRCA,0
0.8799441670979223,0.7875000000000001,0.38088152320549645,0.9425909522237037,17,MMP,BRCA,0
0.903893721400095,0.9285714285714287,0.5907668674267574,0.98961982313685,18,MMP,BRCA,0
0.9206760642698687,1.0,1.0,1.0,17,MMP,BRCA,0
0.9354960623869635,1.0,0.4329650902258062,0.9835640285255789,17,MMP,BRCA,0
0.9481288529965484,0.9375000000000001,0.6323454417389031,0.9909531417446664,18,MMP,BRCA,0
0.9601745527476221,1.0,1.0,1.0,17,MMP,BRCA,0
0.9681898193339076,1.0,1.0,1.0,17,MMP,BRCA,0
0.9742482720418413,1.0,1.0,1.0,18,MMP,BRCA,0
0.7648034007301876,0.8484848484848484,0.5122402080231339,0.9604490698418037,15,MMP,BRCA,1
0.883800087688295,0.9333333333333331,0.6126412437748727,0.9903322366500168,15,MMP,BRCA,1
0.9061738819587802,1.0,1.0,1.0,15,MMP,BRCA,1
0.9365881548327337,1.0,1.0,1.0,15,MMP,BRCA,1
0.9551011721790921,0.9,0.47300927136205023,0.9852813933673431,15,MMP,BRCA,1
0.9639481794922825,0.8750000000000001,0.38700001403202483,0.9813929658789661,15,MMP,BRCA,1
0.9678033630112686,0.8571428571428573,0.5394481776231688,0.9622318564063292,15,MMP,BRCA,1
0.9710608261583784,1.0,1.0,1.0,15,MMP,BRCA,1
0.9727298938573308,1.0,1.0,1.0,15,MMP,BRCA,1
0.9734072291479742,0.9,0.47300927136205023,0.9852813933673431,15,MMP,BRCA,1
0.585364284674218,0.6685714285714286,0.32204263345760176,0.8667026250324945,18,MMP,BRCA,2
0.7922927513362649,0.7734375000000001,0.44305724276039876,0.9221207392176091,18,MMP,BRCA,2
0.8534914765637421,0.7291666666666667,0.2763902203361229,0.9253531812572053,18,MMP,BRCA,2
0.8916383073029114,0.6512059369202228,0.2147597039213165,0.7843549127426087,18,MMP,BRCA,2
0.9068621481213727,1.0,1.0,1.0,18,MMP,BRCA,2
0.914199205482162,0.8571428571428572,0.3340538792922218,0.9785610585261756,18,MMP,BRCA,2
0.9203032572859685,0.8585858585858589,0.43769171063194967,0.9226956731891617,18,MMP,BRCA,2
0.9257249559151115,1.0,1.0,1.0,18,MMP,BRCA,2
0.9299016637485514,1.0,1.0,1.0,18,MMP,BRCA,2
0.9346441295493675,1.0,1.0,1.0,18,MMP,BRCA,2
0.4907852701527678,0.9333333333333331,0.6126412437748727,0.9903322366500168,17,MMP,BRCA,3
0.7093638308523439,0.8333333333333333,0.27312284992835606,0.9747124266908934,16,MMP,BRCA,3
0.828611599253886,0.8750000000000001,0.38700001403202483,0.9813929658789661,17,MMP,BRCA,3
0.8779639201146492,1.0,1.0,1.0,16,MMP,BRCA,3
0.9039280922015567,1.0,1.0,1.0,16,MMP,BRCA,3
0.9241550577190988,1.0,1.0,1.0,17,MMP,BRCA,3
0.9377705062363979,0.9375000000000001,0.6323454417389031,0.9909531417446664,16,MMP,BRCA,3
0.9433705604053283,0.7954545454545456,0.3931525870290891,0.9454487484121739,17,MMP,BRCA,3
0.9464371766858759,1.0,1.0,1.0,16,MMP,BRCA,3
0.948889868573671,0.9375000000000001,0.6323454417389031,0.9909531417446664,17,MMP,BRCA,3
0.19499617552521825,0.6696428571428572,0.26052713798808635,0.8873136309743139,17,MMP,BRCA,4
0.4499325585161169,0.9166666666666667,0.5389771805707405,0.9878255654004581,17,MMP,BRCA,4
0.5825093187258661,0.6,0.21433736461821734,0.8441534892599545,17,MMP,BRCA,4
0.6912522451796763,1.0,1.0,1.0,17,MMP,BRCA,4
0.7824228776434349,0.7500000000000001,0.12794691759514565,0.9605486422850785,16,MMP,BRCA,4
0.8262876257831391,0.8441558441558444,0.5040503169361824,0.9589689023035121,17,MMP,BRCA,4
0.847132780969326,0.7500000000000001,0.12794691759514565,0.9605486422850785,17,MMP,BRCA,4
0.8633639311126217,0.9285714285714287,0.3705969220143562,0.9488654113506115,17,MMP,BRCA,4
0.8729032599867578,1.0,1.0,1.0,17,MMP,BRCA,4
0.8774855799619217,0.72,0.23792896474067798,0.9275941141199429,17,MMP,BRCA,4
0.8227888598316284,0.7953216374269005,0.4629547731314151,0.9341677840237448,20,Cox-PH,BRCA,0
0.8582405087500119,0.9,0.47300927136205023,0.9852813933673431,20,Cox-PH,BRCA,0
0.8710863287278077,0.78375,0.45448775650969303,0.9274742314250675,20,Cox-PH,BRCA,0
0.8792917926052788,0.7345679012345679,0.36317183688755,0.9103323258159834,20,Cox-PH,BRCA,0
0.8881033436493351,0.8399999999999997,0.4874153421609519,0.9585812447231263,20,Cox-PH,BRCA,0
0.8978321883184972,0.7912087912087913,0.25562852011419335,0.8805703997158141,20,Cox-PH,BRCA,0
0.9055500122061412,1.0,1.0,1.0,20,Cox-PH,BRCA,0
0.9119062694135505,1.0,1.0,1.0,20,Cox-PH,BRCA,0
0.9200981854986088,1.0,0.4329650902258062,0.9835640285255789,20,Cox-PH,BRCA,0
0.933126361946471,1.0,1.0,1.0,21,Cox-PH,BRCA,0
0.003931952977072582,0.625,0.22933332242913165,0.8606982769135387,8,MCAT,BLCA,0
0.0044000424215030415,0.41666666666666663,0.05599186485205289,0.7665222195505801,7,MCAT,BLCA,0
0.00856899537062164,0.4687500000000001,0.1199286222409071,0.7628556678717602,8,MCAT,BLCA,0
0.0222379948072454,0.8571428571428572,0.2581536654587949,0.9197974560448583,7,MCAT,BLCA,0
0.46758154867596363,0.8571428571428572,0.2581536654587949,0.9197974560448583,7,MCAT,BLCA,0
0.7611260293541975,0.625,0.22933332242913165,0.8606982769135387,8,MCAT,BLCA,0
0.7704814012725967,1.0,0.27312284992835606,0.9747124266908934,7,MCAT,BLCA,0
0.7711337712455975,0.8571428571428572,0.3340538792922218,0.9785610585261756,8,MCAT,BLCA,0
0.7714133057381144,0.8571428571428572,0.3340538792922218,0.9785610585261756,7,MCAT,BLCA,0
0.7716766524884981,1.0,1.0,1.0,8,MCAT,BLCA,0
0.43479421376608474,0.625,0.1520358902990239,0.774865012066889,8,MCAT,BLCA,1
0.443635206500157,0.2857142857142857,0.04113170341475783,0.6115068326495889,7,MCAT,BLCA,1
0.46378328056249435,0.8,0.20380926326763904,0.9691797888667427,8,MCAT,BLCA,1
0.506359411010945,0.7142857142857143,0.17186601552877506,0.8370827803491806,7,MCAT,BLCA,1
0.6254270628573312,0.7142857142857143,0.2581536654587949,0.9197974560448583,7,MCAT,BLCA,1
0.9274980791008707,0.8750000000000001,0.38700001403202483,0.9813929658789661,8,MCAT,BLCA,1
0.9597541114955972,0.8,0.20380926326763904,0.9691797888667427,7,MCAT,BLCA,1
0.9602851569441408,1.0,1.0,1.0,8,MCAT,BLCA,1
0.9603819248737475,0.7142857142857143,0.17186601552877506,0.8370827803491806,7,MCAT,BLCA,1
0.960414845103466,0.8571428571428572,0.3340538792922218,0.9785610585261756,8,MCAT,BLCA,1
0.001818461550996652,0.4375000000000001,0.042311887960744116,0.6187661358820513,8,MCAT,BLCA,2
0.002028463170802173,0.42857142857142866,0.09775220211692878,0.7343734170514472,7,MCAT,BLCA,2
0.003191141518383981,0.6000000000000001,0.19549586608499786,0.852254345762209,8,MCAT,BLCA,2
0.1063069688699678,0.6857142857142857,0.2127974054293533,0.912111761205414,7,MCAT,BLCA,2
0.7286168216376119,0.7142857142857143,0.2581536654587949,0.9197974560448583,7,MCAT,BLCA,2
0.7496237662852845,0.8571428571428572,0.2581536654587949,0.9197974560448583,8,MCAT,BLCA,2
0.7499661349691057,1.0,1.0,1.0,7,MCAT,BLCA,2
0.7502599705659876,1.0,1.0,1.0,8,MCAT,BLCA,2
0.7504189024140447,1.0,0.20380926326763904,0.9691797888667427,7,MCAT,BLCA,2
0.7505738533860633,0.8571428571428572,0.2581536654587949,0.9197974560448583,8,MCAT,BLCA,2
0.00867467194994231,0.3750000000000001,0.08700622510135315,0.6743633265627795,8,MCAT,BLCA,3
0.009876280992400146,0.7142857142857143,0.2581536654587949,0.9197974560448583,7,MCAT,BLCA,3
0.02081085895354629,0.5000000000000001,0.11094826035143791,0.8037092368500569,7,MCAT,BLCA,3
0.17840423057589172,0.8571428571428572,0.2127974054293533,0.912111761205414,8,MCAT,BLCA,3
0.7195025745140544,1.0,1.0,1.0,7,MCAT,BLCA,3
0.7929292338561454,0.8571428571428572,0.2581536654587949,0.9197974560448583,7,MCAT,BLCA,3
0.8003024165590977,0.625,0.22933332242913165,0.8606982769135387,8,MCAT,BLCA,3
0.8010365731922354,1.0,0.12794691759514565,0.9605486422850785,7,MCAT,BLCA,3
0.801141578113158,0.8333333333333333,0.27312284992835606,0.9747124266908934,7,MCAT,BLCA,3
0.8013578733379587,0.8750000000000001,0.38700001403202483,0.9813929658789661,8,MCAT,BLCA,3
0.5948765012712772,0.5000000000000001,0.1520358902990239,0.774865012066889,8,MCAT,BLCA,4
0.5999116986169971,0.7142857142857143,0.2581536654587949,0.9197974560448583,7,MCAT,BLCA,4
0.6068459452902549,0.8571428571428572,0.3340538792922218,0.9785610585261756,7,MCAT,BLCA,4
0.6247562365139907,0.8750000000000001,0.38700001403202483,0.9813929658789661,8,MCAT,BLCA,4
0.6803939805600772,0.6666666666666666,0.19461663680623478,0.9044341643225163,7,MCAT,BLCA,4
0.8629932716870844,0.8333333333333333,0.27312284992835606,0.9747124266908934,7,MCAT,BLCA,4
0.9751033754019985,0.8750000000000001,0.38700001403202483,0.9813929658789661,8,MCAT,BLCA,4
0.9764438080279264,0.6666666666666666,0.19461663680623478,0.9044341643225163,7,MCAT,BLCA,4
0.976519722029746,1.0,1.0,1.0,7,MCAT,BLCA,4
0.9765376769932395,0.625,0.22933332242913165,0.8606982769135387,8,MCAT,BLCA,4
0.10768039902054108,0.7500000000000001,0.4634300426581342,0.897979909715789,20,MCAT,BRCA,0
0.34456321217367025,0.7954545454545456,0.3931525870290891,0.9454487484121739,19,MCAT,BRCA,0
0.40473638375202103,1.0,1.0,1.0,19,MCAT,BRCA,0
0.55896292851283,0.8888888888888886,0.4329650902258062,0.9835640285255789,19,MCAT,BRCA,0
0.7602446626693451,0.8366013071895421,0.4652623192755182,0.9592547970370177,19,MCAT,BRCA,0
0.8867399495744896,0.8080808080808078,0.4234960061901241,0.9485229350173676,19,MCAT,BRCA,0
0.8877674664026123,0.9230769230769231,0.5663594661305215,0.9887940623036894,19,MCAT,BRCA,0
0.8896416988010011,1.0,1.0,1.0,19,MCAT,BRCA,0
0.91069910832295,1.0,1.0,1.0,19,MCAT,BRCA,0
0.9483750137916254,0.9473684210526316,0.6811867998062862,0.992414635519268,20,MCAT,BRCA,0
0.13152926666807255,0.7142857142857143,0.2581536654587949,0.9197974560448583,19,MCAT,BRCA,1
0.38704587121786155,0.7500000000000001,0.12794691759514565,0.9605486422850785,19,MCAT,BRCA,1
0.5386088543752917,0.8500000000000002,0.501492669463037,0.962453408057238,19,MCAT,BRCA,1
0.7469253086616735,1.0,1.0,1.0,19,MCAT,BRCA,1
0.7970066270082583,0.9411764705882352,0.6501789018555798,0.9914991055661495,19,MCAT,BRCA,1
0.9136049671048602,1.0,1.0,1.0,19,MCAT,BRCA,1
0.92457031074464,0.9285714285714287,0.5907668674267574,0.98961982313685,19,MCAT,BRCA,1
0.9398253691254923,1.0,1.0,1.0,19,MCAT,BRCA,1
0.9494904829246565,0.7654970760233919,0.4842127390876421,0.9062249763259356,19,MCAT,BRCA,1
0.9548125439116175,0.6666666666666666,0.19461663680623478,0.9044341643225163,20,MCAT,BRCA,1
0.04514276338839045,0.8571428571428572,0.15146703869770164,0.9017373657617976,19,MCAT,BRCA,2
0.04781359122925528,0.8020833333333335,0.4025538720463128,0.9479496391798246,19,MCAT,BRCA,2
0.1737720092383084,0.8333333333333333,0.27312284992835606,0.9747124266908934,19,MCAT,BRCA,2
0.5681385280524838,0.7500000000000001,0.314807113705519,0.9308983170906276,19,MCAT,BRCA,2
0.8181425921040001,0.7333333333333333,0.35656185078653596,0.910937247149296,19,MCAT,BRCA,2
0.869169004360373,0.9411764705882352,0.6501789018555798,0.9914991055661495,19,MCAT,BRCA,2
0.8733754903642135,1.0,0.20380926326763904,0.9691797888667427,19,MCAT,BRCA,2
0.8829079425118398,0.8399999999999997,0.4874153421609519,0.9585812447231263,19,MCAT,BRCA,2
0.9004217032739776,1.0,1.0,1.0,19,MCAT,BRCA,2
0.9278096553335653,0.9375000000000001,0.6323454417389031,0.9909531417446664,20,MCAT,BRCA,2
0.07700521213438434,0.7999999999999997,0.40869078163340444,0.9458726458389115,19,MCAT,BRCA,3
0.29395612157787326,0.7617187500000003,0.40707599463761607,0.920879591035306,19,MCAT,BRCA,3
0.48713654606361906,0.8749999999999999,0.5859814368090156,0.9671888460291236,19,MCAT,BRCA,3
0.7010919868424041,1.0,1.0,1.0,19,MCAT,BRCA,3
0.8577954014884288,1.0,0.3340538792922218,0.9785610585261756,19,MCAT,BRCA,3
0.8774334163768824,0.81203007518797,0.37895157001923785,0.9563038477582505,19,MCAT,BRCA,3
0.8961744444163751,0.8484848484848484,0.5122402080231339,0.9604490698418037,19,MCAT,BRCA,3
0.9376578198426005,0.9411764705882352,0.6501789018555798,0.9914991055661495,19,MCAT,BRCA,3
0.9503308280334964,1.0,1.0,1.0,19,MCAT,BRCA,3
0.9515582629441737,0.9090909090909092,0.5080802057699292,0.9866738226678231,20,MCAT,BRCA,3
0.2732911496542939,0.8095238095238098,0.37823516938416923,0.9551121678148634,19,MCAT,BRCA,4
0.32454850800169,0.6907894736842104,0.34961166886658984,0.8779118493761344,19,MCAT,BRCA,4
0.5785827288968161,1.0,1.0,1.0,19,MCAT,BRCA,4
0.6435851029316062,0.8823529411764706,0.6059788995290964,0.9692092969361856,19,MCAT,BRCA,4
0.8210171209564334,1.0,1.0,1.0,19,MCAT,BRCA,4
0.9274345474769681,0.9090909090909092,0.5080802057699292,0.9866738226678231,19,MCAT,BRCA,4
0.9380382366793959,0.865740740740741,0.5521845172148943,0.9656064358086351,19,MCAT,BRCA,4
0.9396799629958529,0.9090909090909092,0.5080802057699292,0.9866738226678231,19,MCAT,BRCA,4
0.9609481396647731,0.9285714285714287,0.5907668674267574,0.98961982313685,19,MCAT,BRCA,4
0.9744939973303985,1.0,1.0,1.0,20,MCAT,BRCA,4
0.009128206407950012,0.6666666666666665,0.3370189325414018,0.8597117990844396,12,MCAT,GBMLGG,0
0.012156705689040951,0.4675324675324676,0.14842530845940638,0.7385950347880471,11,MCAT,GBMLGG,0
0.04710393486271627,0.5625,0.20942124371047172,0.8091709215309918,11,MCAT,GBMLGG,0
0.36880419046515395,0.681818181818182,0.1628484634074896,0.9223596993166128,12,MCAT,GBMLGG,0
0.6505172319086375,0.7272727272727271,0.29689209884730305,0.8451633859703083,11,MCAT,GBMLGG,0
0.825234120794049,1.0,1.0,1.0,11,MCAT,GBMLGG,0
0.857472118314954,1.0,1.0,1.0,12,MCAT,GBMLGG,0
0.8681933616064387,1.0,1.0,1.0,11,MCAT,GBMLGG,0
0.8705665102005944,1.0,1.0,1.0,11,MCAT,GBMLGG,0
0.871909632508289,0.8571428571428572,0.3340538792922218,0.9785610585261756,12,MCAT,GBMLGG,0
0.01700014502146535,0.3093750000000001,0.07423205585740353,0.5890341379355089,12,MCAT,GBMLGG,1
0.024083112252956243,0.5454545454545454,0.2285448426803994,0.7796481488146537,11,MCAT,GBMLGG,1
0.13507361957442204,0.6666666666666665,0.13692727587453274,0.7853392773358101,11,MCAT,GBMLGG,1
0.6252706118431107,0.7272727272727271,0.37078740021222617,0.902833076806713,12,MCAT,GBMLGG,1
0.7838561584269848,1.0,1.0,1.0,11,MCAT,GBMLGG,1
0.8030689810327782,1.0,1.0,1.0,11,MCAT,GBMLGG,1
0.8270356306205531,1.0,1.0,1.0,12,MCAT,GBMLGG,1
0.8482021513332735,1.0,1.0,1.0,11,MCAT,GBMLGG,1
0.8594908661498867,1.0,1.0,1.0,11,MCAT,GBMLGG,1
0.8632600779856768,0.9090909090909092,0.3543995222431069,0.9417727989089287,12,MCAT,GBMLGG,1
0.007999028553709406,0.11111111111111109,0.006338017380401166,0.3852411973474512,12,MCAT,GBMLGG,2
0.01869732677901339,0.4848484848484848,0.16355905155281472,0.7486811129327985,11,MCAT,GBMLGG,2
0.22402332008551148,0.7142857142857143,0.2581536654587949,0.9197974560448583,11,MCAT,GBMLGG,2
0.7245778091613785,0.7407407407407406,0.39067612760778186,0.9086238694040616,12,MCAT,GBMLGG,2
0.7490625097555653,1.0,1.0,1.0,11,MCAT,GBMLGG,2
0.76789846525334,1.0,1.0,1.0,11,MCAT,GBMLGG,2
0.7920101332306482,1.0,1.0,1.0,12,MCAT,GBMLGG,2
0.8205047354355713,1.0,1.0,1.0,11,MCAT,GBMLGG,2
0.8372041847911635,1.0,1.0,1.0,11,MCAT,GBMLGG,2
0.8460899443837596,1.0,1.0,1.0,12,MCAT,GBMLGG,2
0.005147957686728436,0.20625000000000007,0.032053513811074845,0.48461543235541,12,MCAT,GBMLGG,3
0.006329720258824156,0.4383116883116884,0.046843649105733715,0.609879950796963,11,MCAT,GBMLGG,3
0.024788514256160524,0.6363636363636362,0.29689209884730305,0.8451633859703083,11,MCAT,GBMLGG,3
0.4199954339924165,0.9,0.40869078163340444,0.9458726458389115,12,MCAT,GBMLGG,3
0.8146292577708092,1.0,1.0,1.0,11,MCAT,GBMLGG,3
0.8237735999880648,1.0,1.0,1.0,11,MCAT,GBMLGG,3
0.8248495450442196,0.9090909090909092,0.5080802057699292,0.9866738226678231,12,MCAT,GBMLGG,3
0.8252493930658663,1.0,1.0,1.0,11,MCAT,GBMLGG,3
0.8255071267317842,1.0,1.0,1.0,11,MCAT,GBMLGG,3
0.8257073172092565,1.0,1.0,1.0,12,MCAT,GBMLGG,3
0.006267709614508398,0.41666666666666663,0.15247126449269222,0.665301541550334,12,MCAT,GBMLGG,4
0.008779648319737297,0.3499999999999999,0.08479908759841402,0.6397598030089277,11,MCAT,GBMLGG,4
0.14831768715581342,0.6999999999999998,0.3287165932797347,0.8919490412248441,11,MCAT,GBMLGG,4
0.42244701497314413,0.8750000000000001,0.38700001403202483,0.9813929658789661,11,MCAT,GBMLGG,4
0.7445157379194446,0.9,0.47300927136205023,0.9852813933673431,11,MCAT,GBMLGG,4
0.8338248877893868,1.0,1.0,1.0,12,MCAT,GBMLGG,4
0.8619957909076607,0.8888888888888886,0.4329650902258062,0.9835640285255789,11,MCAT,GBMLGG,4
0.8663733508421515,1.0,1.0,1.0,11,MCAT,GBMLGG,4
0.8689578334950504,1.0,0.4329650902258062,0.9835640285255789,11,MCAT,GBMLGG,4
0.8707530735581014,1.0,1.0,1.0,12,MCAT,GBMLGG,4
0.00264609361011017,0.5555555555555554,0.20424177563882337,0.804525015879248,9,MCAT,LUAD,0
0.003244661000056279,0.7619047619047616,0.20210915561992587,0.8578815117376174,9,MCAT,LUAD,0
0.011946947132456353,0.7000000000000001,0.2247906640336551,0.9182986285969302,9,MCAT,LUAD,0
0.16802351109831828,0.8888888888888886,0.4329650902258062,0.9835640285255789,9,MCAT,LUAD,0
0.5932839273052947,0.7142857142857143,0.2581536654587949,0.9197974560448583,9,MCAT,LUAD,0
0.8052681948642697,1.0,0.20380926326763904,0.9691797888667427,9,MCAT,LUAD,0
0.8057104421068553,1.0,1.0,1.0,9,MCAT,LUAD,0
0.8063035901338349,0.6481481481481479,0.25317459438599577,0.87206762779799,9,MCAT,LUAD,0
0.8072341741832021,0.7777777777777776,0.3647512311654739,0.9392964424866017,9,MCAT,LUAD,0
0.8104551271062025,1.0,1.0,1.0,10,MCAT,LUAD,0
0.0010258182253667374,0.7291666666666667,0.2763902203361229,0.9253531812572053,9,MCAT,LUAD,1
0.001384386198888709,0.48611111111111105,0.12813695074109674,0.7762895839458677,9,MCAT,LUAD,1
0.007177789162026073,0.8888888888888886,0.4329650902258062,0.9835640285255789,9,MCAT,LUAD,1
0.0967254200557563,0.8888888888888886,0.4329650902258062,0.9835640285255789,9,MCAT,LUAD,1
0.6917682626486261,0.7777777777777776,0.3647512311654739,0.9392964424866017,9,MCAT,LUAD,1
0.750362878738328,0.8750000000000001,0.38700001403202483,0.9813929658789661,9,MCAT,LUAD,1
0.7509732583642755,0.8888888888888886,0.4329650902258062,0.9835640285255789,9,MCAT,LUAD,1
0.751816542554494,0.8,0.1257301829944313,0.8817564073935323,9,MCAT,LUAD,1
0.7534076091323224,1.0,1.0,1.0,9,MCAT,LUAD,1
0.7589223406098597,0.675,0.29058535740313257,0.8824967337087402,10,MCAT,LUAD,1
0.012448655099358228,0.6349206349206347,0.12310745838151649,0.7689013585086405,9,MCAT,LUAD,2
0.01638948396780783,0.6666666666666665,0.2816822422216508,0.8783067576313743,9,MCAT,LUAD,2
0.03659463930004221,0.7500000000000001,0.314807113705519,0.9308983170906276,9,MCAT,LUAD,2
0.1459387081741047,0.8888888888888886,0.4329650902258062,0.9835640285255789,9,MCAT,LUAD,2
0.5594877146482475,0.8750000000000001,0.38700001403202483,0.9813929658789661,9,MCAT,LUAD,2
0.8132639458559882,1.0,1.0,1.0,9,MCAT,LUAD,2
0.8187903015599175,0.8888888888888886,0.4329650902258062,0.9835640285255789,9,MCAT,LUAD,2
0.8190906153685633,0.8750000000000001,0.38700001403202483,0.9813929658789661,9,MCAT,LUAD,2
0.819291796485188,0.7777777777777776,0.3647512311654739,0.9392964424866017,9,MCAT,LUAD,2
0.8198891282107127,0.6562500000000001,0.15712586365637785,0.9085853661603863,10,MCAT,LUAD,2
0.006613033050022494,0.3750000000000001,0.08700622510135315,0.6743633265627795,9,MCAT,LUAD,3
0.007803552132732702,0.6666666666666665,0.2816822422216508,0.8783067576313743,9,MCAT,LUAD,3
0.03901655481403968,0.8888888888888886,0.4329650902258062,0.9835640285255789,9,MCAT,LUAD,3
0.36535279307948326,0.8888888888888886,0.4329650902258062,0.9835640285255789,9,MCAT,LUAD,3
0.7781322757120415,0.7500000000000001,0.314807113705519,0.9308983170906276,9,MCAT,LUAD,3
0.8152157920285966,0.7291666666666667,0.2763902203361229,0.9253531812572053,9,MCAT,LUAD,3
0.8161671809317392,1.0,1.0,1.0,9,MCAT,LUAD,3
0.8165090764798435,1.0,1.0,1.0,9,MCAT,LUAD,3
0.8168830707600234,1.0,1.0,1.0,9,MCAT,LUAD,3
0.8174434924649818,0.7111111111111109,0.232714469071382,0.9233724996159962,9,MCAT,LUAD,3
0.030721235951248087,0.7500000000000001,0.314807113705519,0.9308983170906276,9,MCAT,LUAD,4
0.05783368506212313,0.5555555555555554,0.13587247761957927,0.7193145897250302,9,MCAT,LUAD,4
0.22183904422704043,0.6481481481481479,0.25317459438599577,0.87206762779799,9,MCAT,LUAD,4
0.4308540091144083,0.7291666666666667,0.2763902203361229,0.9253531812572053,9,MCAT,LUAD,4
0.6650155197180649,1.0,1.0,1.0,9,MCAT,LUAD,4
0.8446962810586175,1.0,1.0,1.0,9,MCAT,LUAD,4
0.8524082822549269,0.6000000000000001,0.10757811523828895,0.7512738499261936,9,MCAT,LUAD,4
0.8533922101747149,1.0,1.0,1.0,9,MCAT,LUAD,4
0.855318036131902,0.7619047619047616,0.3321725136385504,0.9351042486971866,9,MCAT,LUAD,4
0.8624404529268125,1.0,1.0,1.0,9,MCAT,LUAD,4
0.7590519902869622,0.7500000000000001,0.314807113705519,0.9308983170906276,10,MCAT,UCEC,0
0.8071499750711997,0.8888888888888886,0.4329650902258062,0.9835640285255789,9,MCAT,UCEC,0
0.8580031229661707,0.9,0.47300927136205023,0.9852813933673431,10,MCAT,UCEC,0
0.8838222259779883,0.8,0.20380926326763904,0.9691797888667427,9,MCAT,UCEC,0
0.8978629876467116,1.0,1.0,1.0,10,MCAT,UCEC,0
0.9136630561841093,0.8750000000000001,0.38700001403202483,0.9813929658789661,9,MCAT,UCEC,0
0.9226216699264768,0.7500000000000001,0.1468058374618532,0.8415241908918336,10,MCAT,UCEC,0
0.926390812641995,1.0,1.0,1.0,9,MCAT,UCEC,0
0.9302346470998512,1.0,1.0,1.0,10,MCAT,UCEC,0
0.9343067665059225,1.0,1.0,1.0,10,MCAT,UCEC,0
0.611404882032694,0.8333333333333333,0.27312284992835606,0.9747124266908934,10,MCAT,UCEC,1
0.7090114385862437,0.7500000000000001,0.314807113705519,0.9308983170906276,9,MCAT,UCEC,1
0.8244636915584355,0.8888888888888886,0.4329650902258062,0.9835640285255789,10,MCAT,UCEC,1
0.8911193860435398,1.0,1.0,1.0,9,MCAT,UCEC,1
0.9044843521441557,0.8888888888888886,0.4329650902258062,0.9835640285255789,10,MCAT,UCEC,1
0.9168221763454254,1.0,1.0,1.0,9,MCAT,UCEC,1
0.9281487836366915,0.8750000000000001,0.38700001403202483,0.9813929658789661,10,MCAT,UCEC,1
0.9338453011812331,0.8333333333333333,0.27312284992835606,0.9747124266908934,9,MCAT,UCEC,1
0.936180282712702,1.0,0.4329650902258062,0.9835640285255789,10,MCAT,UCEC,1
0.9370883159876737,0.8888888888888886,0.4329650902258062,0.9835640285255789,10,MCAT,UCEC,1
0.6073583977268451,0.7000000000000001,0.2247906640336551,0.9182986285969302,10,MCAT,UCEC,2
0.7222036558756819,1.0,0.27312284992835606,0.9747124266908934,9,MCAT,UCEC,2
0.7886264528823307,0.8,0.20380926326763904,0.9691797888667427,10,MCAT,UCEC,2
0.8478402460387264,0.8750000000000001,0.38700001403202483,0.9813929658789661,9,MCAT,UCEC,2
0.8860168067431105,0.8888888888888886,0.4329650902258062,0.9835640285255789,10,MCAT,UCEC,2
0.8916859018101795,0.8750000000000001,0.38700001403202483,0.9813929658789661,9,MCAT,UCEC,2
0.8955071425467563,1.0,0.27312284992835606,0.9747124266908934,10,MCAT,UCEC,2
0.9009970161730264,0.8888888888888886,0.4329650902258062,0.9835640285255789,9,MCAT,UCEC,2
0.9076540674282475,1.0,1.0,1.0,10,MCAT,UCEC,2
0.9149180453423927,0.9,0.47300927136205023,0.9852813933673431,10,MCAT,UCEC,2
0.7101380819340354,1.0,1.0,1.0,10,MCAT,UCEC,3
0.7280084842645109,0.8750000000000001,0.38700001403202483,0.9813929658789661,9,MCAT,UCEC,3
0.7382466624408864,0.6999999999999998,0.3287165932797347,0.8919490412248441,10,MCAT,UCEC,3
0.8234973348331585,0.8750000000000001,0.38700001403202483,0.9813929658789661,9,MCAT,UCEC,3
0.9051532145245735,0.9,0.47300927136205023,0.9852813933673431,10,MCAT,UCEC,3
0.9074091726953932,1.0,1.0,1.0,9,MCAT,UCEC,3
0.908061622377853,0.9,0.47300927136205023,0.9852813933673431,10,MCAT,UCEC,3
0.9083236054981592,1.0,1.0,1.0,9,MCAT,UCEC,3
0.9083425540257032,1.0,1.0,1.0,10,MCAT,UCEC,3
0.9083706227604086,0.8333333333333333,0.27312284992835606,0.9747124266908934,10,MCAT,UCEC,3
0.6545919499899238,1.0,1.0,1.0,10,MCAT,UCEC,4
0.7875564132973341,0.8750000000000001,0.38700001403202483,0.9813929658789661,9,MCAT,UCEC,4
0.8650226417312636,0.7777777777777776,0.3647512311654739,0.9392964424866017,10,MCAT,UCEC,4
0.9050954574618127,0.8333333333333333,0.27312284992835606,0.9747124266908934,9,MCAT,UCEC,4
0.9119347613172349,1.0,1.0,1.0,10,MCAT,UCEC,4
0.9234678103679337,0.6666666666666665,0.2816822422216508,0.8783067576313743,9,MCAT,UCEC,4
0.9342803869863923,1.0,1.0,1.0,10,MCAT,UCEC,4
0.9469238000201473,0.8888888888888886,0.4329650902258062,0.9835640285255789,9,MCAT,UCEC,4
0.950556791348571,1.0,1.0,1.0,10,MCAT,UCEC,4
0.9520656603350744,1.0,1.0,1.0,10,MCAT,UCEC,4
0.7411791602504652,0.7500000000000001,0.314807113705519,0.9308983170906276,8,AMIL-sig,BLCA,0
0.7457115002139307,0.8333333333333333,0.27312284992835606,0.9747124266908934,7,AMIL-sig,BLCA,0
0.7473733229829482,0.7500000000000001,0.314807113705519,0.9308983170906276,8,AMIL-sig,BLCA,0
0.7494540086445413,0.7142857142857143,0.2581536654587949,0.9197974560448583,7,AMIL-sig,BLCA,0
0.7516460066317677,0.6666666666666666,0.19461663680623478,0.9044341643225163,7,AMIL-sig,BLCA,0
0.7539011185133965,0.5000000000000001,0.1520358902990239,0.774865012066889,8,AMIL-sig,BLCA,0
0.7552710202293046,0.8571428571428572,0.3340538792922218,0.9785610585261756,7,AMIL-sig,BLCA,0
0.7568773301335259,0.7500000000000001,0.22933332242913165,0.8606982769135387,8,AMIL-sig,BLCA,0
0.7613805492817429,0.8571428571428572,0.3340538792922218,0.9785610585261756,7,AMIL-sig,BLCA,0
0.7717787756403438,1.0,1.0,1.0,8,AMIL-sig,BLCA,0
0.7468463646132697,0.8333333333333333,0.27312284992835606,0.9747124266908934,8,AMIL-sig,BLCA,1
0.7526636181077241,0.8571428571428572,0.2581536654587949,0.9197974560448583,7,AMIL-sig,BLCA,1
0.754303077080707,0.5000000000000001,0.1520358902990239,0.774865012066889,8,AMIL-sig,BLCA,1
0.7569811238263287,1.0,1.0,1.0,7,AMIL-sig,BLCA,1
0.7584327312612734,0.7142857142857143,0.2581536654587949,0.9197974560448583,7,AMIL-sig,BLCA,1
0.7593265113725756,0.625,0.22933332242913165,0.8606982769135387,8,AMIL-sig,BLCA,1
0.7614004082582462,0.7142857142857143,0.2581536654587949,0.9197974560448583,7,AMIL-sig,BLCA,1
0.7642587513899328,0.625,0.22933332242913165,0.8606982769135387,8,AMIL-sig,BLCA,1
0.7659289349943779,0.8,0.20380926326763904,0.9691797888667427,7,AMIL-sig,BLCA,1
0.7714326838283436,0.8571428571428572,0.3340538792922218,0.9785610585261756,8,AMIL-sig,BLCA,1
0.7364740196412743,0.42857142857142866,0.09775220211692878,0.7343734170514472,8,AMIL-sig,BLCA,2
0.7430308874777254,0.8,0.20380926326763904,0.9691797888667427,7,AMIL-sig,BLCA,2
0.7448760262825578,0.625,0.22933332242913165,0.8606982769135387,8,AMIL-sig,BLCA,2
0.7466742796525585,0.8571428571428572,0.3340538792922218,0.9785610585261756,7,AMIL-sig,BLCA,2
0.7483926479669136,0.8333333333333333,0.27312284992835606,0.9747124266908934,7,AMIL-sig,BLCA,2
0.7497088313073781,0.5625000000000001,0.1468058374618532,0.8415241908918336,8,AMIL-sig,BLCA,2
0.7515107630835248,0.8571428571428572,0.2127974054293533,0.912111761205414,7,AMIL-sig,BLCA,2
0.7540332281119848,0.8571428571428572,0.2127974054293533,0.912111761205414,8,AMIL-sig,BLCA,2
0.7565398617429434,1.0,0.3340538792922218,0.9785610585261756,7,AMIL-sig,BLCA,2
0.7641576207277941,0.7291666666666667,0.2763902203361229,0.9253531812572053,8,AMIL-sig,BLCA,2
0.7643632750215821,0.8750000000000001,0.38700001403202483,0.9813929658789661,8,AMIL-sig,BLCA,3
0.7693767895310119,0.8571428571428572,0.3340538792922218,0.9785610585261756,7,AMIL-sig,BLCA,3
0.7716180051520686,0.5714285714285714,0.17186601552877506,0.8370827803491806,7,AMIL-sig,BLCA,3
0.7739164539767112,0.5000000000000001,0.1520358902990239,0.774865012066889,8,AMIL-sig,BLCA,3
0.7757365045498731,0.8333333333333333,0.19461663680623478,0.9044341643225163,7,AMIL-sig,BLCA,3
0.7770949094378043,0.5000000000000001,0.11094826035143791,0.8037092368500569,7,AMIL-sig,BLCA,3
0.7786131422044384,0.8750000000000001,0.314807113705519,0.9308983170906276,8,AMIL-sig,BLCA,3
0.780821990499349,0.7142857142857143,0.17186601552877506,0.8370827803491806,7,AMIL-sig,BLCA,3
0.7832203182443694,1.0,1.0,1.0,7,AMIL-sig,BLCA,3
0.7860313445244649,0.8571428571428572,0.15146703869770164,0.9017373657617976,8,AMIL-sig,BLCA,3
0.7500105323257902,0.8750000000000001,0.38700001403202483,0.9813929658789661,8,AMIL-sig,BLCA,4
0.754278078351223,0.5357142857142858,0.13198817696263862,0.8249970420397139,7,AMIL-sig,BLCA,4
0.7556699921555007,0.5714285714285714,0.09775220211692878,0.7343734170514472,7,AMIL-sig,BLCA,4
0.7577755979367637,0.7142857142857143,0.2581536654587949,0.9197974560448583,8,AMIL-sig,BLCA,4
0.7598938458663999,0.8571428571428572,0.3340538792922218,0.9785610585261756,7,AMIL-sig,BLCA,4
0.761771943134859,0.6666666666666666,0.19461663680623478,0.9044341643225163,7,AMIL-sig,BLCA,4
0.7632898964446033,0.8,0.20380926326763904,0.9691797888667427,8,AMIL-sig,BLCA,4
0.7652348576649259,0.8571428571428572,0.3340538792922218,0.9785610585261756,7,AMIL-sig,BLCA,4
0.7701107548070141,0.8571428571428572,0.3340538792922218,0.9785610585261756,7,AMIL-sig,BLCA,4
0.7782744665099625,0.6857142857142857,0.2127974054293533,0.912111761205414,8,AMIL-sig,BLCA,4
0.854678434135382,0.7647058823529412,0.4099648987015034,0.9224634711141256,20,AMIL-sig,BRCA,0
0.8686573522961719,0.9411764705882352,0.6501789018555798,0.9914991055661495,19,AMIL-sig,BRCA,0
0.874995534203216,0.8391608391608393,0.4940347169664982,0.9573312255515172,19,AMIL-sig,BRCA,0
0.8787100158563534,0.8571428571428572,0.3340538792922218,0.9785610585261756,19,AMIL-sig,BRCA,0
0.8819113639196804,1.0,1.0,1.0,19,AMIL-sig,BRCA,0
0.8850490105913653,0.9090909090909092,0.5080802057699292,0.9866738226678231,19,AMIL-sig,BRCA,0
0.8878456058718435,1.0,1.0,1.0,19,AMIL-sig,BRCA,0
0.8902700438012385,0.7419948472580051,0.44429355496263295,0.8960432674139708,19,AMIL-sig,BRCA,0
0.8923926736490683,0.9333333333333331,0.6126412437748727,0.9903322366500168,19,AMIL-sig,BRCA,0
0.8974535550553663,1.0,1.0,1.0,20,AMIL-sig,BRCA,0
0.8452099930511305,0.9090909090909092,0.5080802057699292,0.9866738226678231,19,AMIL-sig,BRCA,1
0.8624274170879723,1.0,1.0,1.0,19,AMIL-sig,BRCA,1
0.8695789011584437,0.7133126934984519,0.26101500605458805,0.9185378078825464,19,AMIL-sig,BRCA,1
0.8730323873172271,0.8750000000000001,0.38700001403202483,0.9813929658789661,19,AMIL-sig,BRCA,1
0.8776688530910306,0.8571428571428572,0.3340538792922218,0.9785610585261756,19,AMIL-sig,BRCA,1
0.8826786664332571,0.8,0.20380926326763904,0.9691797888667427,19,AMIL-sig,BRCA,1
0.8881403461581505,0.8399999999999997,0.4874153421609519,0.9585812447231263,19,AMIL-sig,BRCA,1
0.8942795969361548,1.0,1.0,1.0,19,AMIL-sig,BRCA,1
0.9031547735046795,0.9444444444444446,0.666390168335329,0.991982923674006,19,AMIL-sig,BRCA,1
0.9154916084267792,0.8173076923076926,0.5311128572285447,0.9377072184088536,20,AMIL-sig,BRCA,1
0.8169378826673884,0.7500000000000001,0.12794691759514565,0.9605486422850785,19,AMIL-sig,BRCA,2
0.8384930803680621,1.0,1.0,1.0,19,AMIL-sig,BRCA,2
0.85091963195754,0.71301247771836,0.3092245145386012,0.9071156233048717,19,AMIL-sig,BRCA,2
0.8593110451735407,0.8333333333333333,0.27312284992835606,0.9747124266908934,19,AMIL-sig,BRCA,2
0.8656636596768312,0.8148148148148145,0.4350637462628994,0.9508550519184396,19,AMIL-sig,BRCA,2
0.870550214777419,1.0,1.0,1.0,19,AMIL-sig,BRCA,2
0.8748353442533119,0.8391608391608393,0.4940347169664982,0.9573312255515172,19,AMIL-sig,BRCA,2
0.8787113712910738,0.9,0.47300927136205023,0.9852813933673431,19,AMIL-sig,BRCA,2
0.8832804586075319,0.8666666666666667,0.4324115132873494,0.9220267133843184,19,AMIL-sig,BRCA,2
0.8908425116062256,0.9375000000000001,0.6323454417389031,0.9909531417446664,20,AMIL-sig,BRCA,2
0.8472048399721793,0.8705357142857145,0.5732927838384082,0.9660388972308025,19,AMIL-sig,BRCA,3
0.8596127037084577,1.0,1.0,1.0,19,AMIL-sig,BRCA,3
0.8647419704084495,0.6176470588235292,0.299951342103124,0.824639551014527,19,AMIL-sig,BRCA,3
0.8700433468978975,0.8571428571428572,0.3340538792922218,0.9785610585261756,19,AMIL-sig,BRCA,3
0.8742683688701323,0.9411764705882352,0.6501789018555798,0.9914991055661495,19,AMIL-sig,BRCA,3
0.8776044870899256,0.8181818181818182,0.4474286146821811,0.9511622285824918,19,AMIL-sig,BRCA,3
0.8807479910789301,1.0,0.27312284992835606,0.9747124266908934,19,AMIL-sig,BRCA,3
0.8835104036006631,1.0,1.0,1.0,19,AMIL-sig,BRCA,3
0.8878030202652388,1.0,0.5080802057699292,0.9866738226678231,19,AMIL-sig,BRCA,3
0.8933091851971644,0.879699248120301,0.5937224490105159,0.9689787537451071,20,AMIL-sig,BRCA,3
0.8436262452625569,0.78125,0.31707505546627046,0.9483278236203349,19,AMIL-sig,BRCA,4
0.8603202179912623,0.8333333333333333,0.27312284992835606,0.9747124266908934,19,AMIL-sig,BRCA,4
0.8681804712254108,1.0,1.0,1.0,19,AMIL-sig,BRCA,4
0.8744195764203103,0.707070707070707,0.3373289496725633,0.8953297823513617,19,AMIL-sig,BRCA,4
0.8783610519591769,0.888888888888889,0.6241742655534631,0.9709952836347028,19,AMIL-sig,BRCA,4
0.8824385649180951,0.8705357142857145,0.5732927838384082,0.9660388972308025,19,AMIL-sig,BRCA,4
0.8856898171237088,1.0,1.0,1.0,19,AMIL-sig,BRCA,4
0.889290059625566,0.8585858585858589,0.5291220741641643,0.9641382454720216,19,AMIL-sig,BRCA,4
0.8928464127709015,1.0,1.0,1.0,19,AMIL-sig,BRCA,4
0.8983379507846683,0.9444444444444446,0.666390168335329,0.991982923674006,20,AMIL-sig,BRCA,4
0.4203718986546699,0.37037037037037035,0.06680778385850353,0.5453281675744662,12,AMIL-sig,GBMLGG,0
0.6755081912197872,0.5454545454545455,0.1798437539205801,0.8072317339606394,11,AMIL-sig,GBMLGG,0
0.7359104987570307,0.7875000000000001,0.29058535740313257,0.8824967337087402,11,AMIL-sig,GBMLGG,0
0.778673157646923,0.8181818181818182,0.3501903859079383,0.8990239741910536,12,AMIL-sig,GBMLGG,0
0.8006585148043637,0.9,0.47300927136205023,0.9852813933673431,11,AMIL-sig,GBMLGG,0
0.810850891665408,0.9090909090909092,0.5080802057699292,0.9866738226678231,11,AMIL-sig,GBMLGG,0
0.8206802359752853,1.0,1.0,1.0,12,AMIL-sig,GBMLGG,0
0.8283814806934029,0.8750000000000001,0.38700001403202483,0.9813929658789661,11,AMIL-sig,GBMLGG,0
0.8346182985918245,0.8750000000000001,0.38700001403202483,0.9813929658789661,11,AMIL-sig,GBMLGG,0
0.8486868560231972,1.0,1.0,1.0,12,AMIL-sig,GBMLGG,0
0.31144876514117553,0.16666666666666669,0.026510426590825996,0.41298031272402697,12,AMIL-sig,GBMLGG,1
0.6024820067563962,0.9,0.344942874677329,0.9386873807738738,11,AMIL-sig,GBMLGG,1
0.6784212256114103,0.6999999999999998,0.2526688970038936,0.8272209670285114,11,AMIL-sig,GBMLGG,1
0.7404571485769854,0.8333333333333335,0.48171494219537864,0.955509365728065,12,AMIL-sig,GBMLGG,1
0.7809233365843002,1.0,1.0,1.0,11,AMIL-sig,GBMLGG,1
0.8004259496858638,1.0,0.3340538792922218,0.9785610585261756,11,AMIL-sig,GBMLGG,1
0.8156843360140419,1.0,0.27312284992835606,0.9747124266908934,12,AMIL-sig,GBMLGG,1
0.8275453378115344,0.8888888888888886,0.4329650902258062,0.9835640285255789,11,AMIL-sig,GBMLGG,1
0.8378931399145206,0.9090909090909092,0.5080802057699292,0.9866738226678231,11,AMIL-sig,GBMLGG,1
0.8510457518840702,0.8888888888888886,0.4329650902258062,0.9835640285255789,12,AMIL-sig,GBMLGG,1
0.3747917424960711,0.3750000000000001,0.06804877742033777,0.5495058315241136,12,AMIL-sig,GBMLGG,2
0.6454192898776469,0.44444444444444436,0.1038650784906295,0.7479808978601968,11,AMIL-sig,GBMLGG,2
0.7034819058188462,0.5303030303030302,0.20933566232683126,0.7731485795282469,11,AMIL-sig,GBMLGG,2
0.7331572061076447,1.0,1.0,1.0,12,AMIL-sig,GBMLGG,2
0.7568289330629768,0.9,0.47300927136205023,0.9852813933673431,11,AMIL-sig,GBMLGG,2
0.7685257772433292,0.9,0.47300927136205023,0.9852813933673431,11,AMIL-sig,GBMLGG,2
0.7835730180607183,1.0,1.0,1.0,12,AMIL-sig,GBMLGG,2
0.793097544965266,0.8750000000000001,0.38700001403202483,0.9813929658789661,11,AMIL-sig,GBMLGG,2
0.8016959075442025,1.0,1.0,1.0,11,AMIL-sig,GBMLGG,2
0.8135756249075884,1.0,1.0,1.0,12,AMIL-sig,GBMLGG,2
0.400943759865364,0.11111111111111109,0.006338017380401166,0.3852411973474512,12,AMIL-sig,GBMLGG,3
0.6934759767317339,0.505050505050505,0.18693572778544257,0.7571081015248602,11,AMIL-sig,GBMLGG,3
0.7627137222353665,1.0,1.0,1.0,11,AMIL-sig,GBMLGG,3
0.7965431953447366,0.9,0.47300927136205023,0.9852813933673431,12,AMIL-sig,GBMLGG,3
0.817117093162961,0.7500000000000001,0.314807113705519,0.9308983170906276,11,AMIL-sig,GBMLGG,3
0.8285557322331543,0.8750000000000001,0.38700001403202483,0.9813929658789661,11,AMIL-sig,GBMLGG,3
0.836498530255651,0.9166666666666667,0.5389771805707405,0.9878255654004581,12,AMIL-sig,GBMLGG,3
0.8442641506415061,1.0,1.0,1.0,11,AMIL-sig,GBMLGG,3
0.8521840147220672,1.0,1.0,1.0,11,AMIL-sig,GBMLGG,3
0.8615655416810716,1.0,1.0,1.0,12,AMIL-sig,GBMLGG,3
0.4974555123713696,0.25,0.060144555733331315,0.504758833298432,12,AMIL-sig,GBMLGG,4
0.6702691759308739,0.6999999999999998,0.2526688970038936,0.8272209670285114,11,AMIL-sig,GBMLGG,4
0.7298949763121269,0.6481481481481479,0.25317459438599577,0.87206762779799,11,AMIL-sig,GBMLGG,4
0.7686425077516884,0.8181818181818182,0.4474286146821811,0.9511622285824918,11,AMIL-sig,GBMLGG,4
0.7917774135280733,0.8571428571428572,0.3340538792922218,0.9785610585261756,11,AMIL-sig,GBMLGG,4
0.818843009425772,1.0,0.47300927136205023,0.9852813933673431,12,AMIL-sig,GBMLGG,4
0.8262912242499748,0.8750000000000001,0.38700001403202483,0.9813929658789661,11,AMIL-sig,GBMLGG,4
0.8350707585391006,1.0,1.0,1.0,11,AMIL-sig,GBMLGG,4
0.8430799790239668,1.0,1.0,1.0,11,AMIL-sig,GBMLGG,4
0.8523451148675626,1.0,0.38700001403202483,0.9813929658789661,12,AMIL-sig,GBMLGG,4
0.7814819814276683,0.5333333333333332,0.17709138747003988,0.795912518291508,9,AMIL-sig,LUAD,0
0.7942279595968131,0.7291666666666667,0.2763902203361229,0.9253531812572053,9,AMIL-sig,LUAD,0
0.7982008658620591,0.8888888888888886,0.4329650902258062,0.9835640285255789,9,AMIL-sig,LUAD,0
0.8004711101825799,0.7777777777777776,0.25317459438599577,0.87206762779799,9,AMIL-sig,LUAD,0
0.8032571560247436,0.4444444444444444,0.06618675314641241,0.7849083671479585,9,AMIL-sig,LUAD,0
0.8069948902060706,0.8750000000000001,0.38700001403202483,0.9813929658789661,9,AMIL-sig,LUAD,0
0.8107954875844707,1.0,0.3340538792922218,0.9785610585261756,9,AMIL-sig,LUAD,0
0.8131431099642978,0.7777777777777776,0.3647512311654739,0.9392964424866017,9,AMIL-sig,LUAD,0
0.8164223796584367,0.8571428571428572,0.3340538792922218,0.9785610585261756,9,AMIL-sig,LUAD,0
0.8213559760804028,1.0,1.0,1.0,10,AMIL-sig,LUAD,0
0.702697880571822,0.7500000000000001,0.314807113705519,0.9308983170906276,9,AMIL-sig,LUAD,1
0.7291716899573489,0.7500000000000001,0.314807113705519,0.9308983170906276,9,AMIL-sig,LUAD,1
0.7364584006892483,0.8888888888888886,0.4329650902258062,0.9835640285255789,9,AMIL-sig,LUAD,1
0.7440487229489281,0.7291666666666667,0.2763902203361229,0.9253531812572053,9,AMIL-sig,LUAD,1
0.7483795894235069,0.7777777777777776,0.3647512311654739,0.9392964424866017,9,AMIL-sig,LUAD,1
0.7524285886167302,0.8888888888888886,0.3321725136385504,0.9351042486971866,9,AMIL-sig,LUAD,1
0.7565598660568589,1.0,1.0,1.0,9,AMIL-sig,LUAD,1
0.7638464536059383,0.7291666666666667,0.014012434050102383,0.7877701959269336,9,AMIL-sig,LUAD,1
0.7686119381272642,0.8333333333333333,0.07344165011273368,0.8760704399907502,9,AMIL-sig,LUAD,1
0.7756860196027136,0.6666666666666665,0.2816822422216508,0.8783067576313743,10,AMIL-sig,LUAD,1
0.7687849081388306,0.8888888888888886,0.4329650902258062,0.9835640285255789,9,AMIL-sig,LUAD,2
0.7869561727892354,0.8888888888888886,0.4329650902258062,0.9835640285255789,9,AMIL-sig,LUAD,2
0.7921805875315299,0.8571428571428572,0.3340538792922218,0.9785610585261756,9,AMIL-sig,LUAD,2
0.7983738204222347,0.5555555555555554,0.20424177563882337,0.804525015879248,9,AMIL-sig,LUAD,2
0.8020188614692375,0.8750000000000001,0.38700001403202483,0.9813929658789661,9,AMIL-sig,LUAD,2
0.8061057602932613,1.0,1.0,1.0,9,AMIL-sig,LUAD,2
0.8081812303974635,0.7777777777777776,0.2816822422216508,0.8783067576313743,9,AMIL-sig,LUAD,2
0.8125615269126051,0.8888888888888886,0.4329650902258062,0.9835640285255789,9,AMIL-sig,LUAD,2
0.81670541455202,0.625,0.22933332242913165,0.8606982769135387,9,AMIL-sig,LUAD,2
0.8229827904495494,0.7875000000000001,0.38088152320549645,0.9425909522237037,10,AMIL-sig,LUAD,2
0.7718895091620692,0.4500000000000001,0.10757811523828895,0.7512738499261936,9,AMIL-sig,LUAD,3
0.7981760341590209,0.6562500000000001,0.15712586365637785,0.9085853661603863,9,AMIL-sig,LUAD,3
0.8045999311136873,1.0,1.0,1.0,9,AMIL-sig,LUAD,3
0.8084393287624498,0.8571428571428572,0.3340538792922218,0.9785610585261756,9,AMIL-sig,LUAD,3
0.8126530139755909,0.6222222222222221,0.21315181336803424,0.8644759848764881,9,AMIL-sig,LUAD,3
0.8153545942151399,0.7291666666666667,0.2763902203361229,0.9253531812572053,9,AMIL-sig,LUAD,3
0.8180704082747656,0.6666666666666665,0.2816822422216508,0.8783067576313743,9,AMIL-sig,LUAD,3
0.8205844497725547,0.8888888888888886,0.4329650902258062,0.9835640285255789,9,AMIL-sig,LUAD,3
0.8237303338948058,1.0,1.0,1.0,9,AMIL-sig,LUAD,3
0.8292088477544007,1.0,1.0,1.0,9,AMIL-sig,LUAD,3
0.784312736910713,0.5555555555555554,0.20424177563882337,0.804525015879248,9,AMIL-sig,LUAD,4
0.7912926578932338,0.8750000000000001,0.38700001403202483,0.9813929658789661,9,AMIL-sig,LUAD,4
0.7972598325863117,0.7777777777777776,0.3647512311654739,0.9392964424866017,9,AMIL-sig,LUAD,4
0.8007645518362861,1.0,1.0,1.0,9,AMIL-sig,LUAD,4
0.8049764161000871,0.3333333333333332,0.015719879496128953,0.7477901090724417,9,AMIL-sig,LUAD,4
0.8072977070764763,0.7142857142857143,0.2581536654587949,0.9197974560448583,9,AMIL-sig,LUAD,4
0.8102661720349648,0.7500000000000001,0.314807113705519,0.9308983170906276,9,AMIL-sig,LUAD,4
0.8126803924845375,1.0,0.27312284992835606,0.9747124266908934,9,AMIL-sig,LUAD,4
0.8168296309913332,0.8571428571428572,0.3340538792922218,0.9785610585261756,9,AMIL-sig,LUAD,4
0.8218603172514297,1.0,0.27312284992835606,0.9747124266908934,9,AMIL-sig,LUAD,4
0.8886449807567054,0.72,0.23792896474067798,0.9275941141199429,10,AMIL-sig,UCEC,0
0.894388449833719,0.8,0.20380926326763904,0.9691797888667427,9,AMIL-sig,UCEC,0
0.8989010576998039,0.8333333333333333,0.27312284992835606,0.9747124266908934,10,AMIL-sig,UCEC,0
0.900479190585522,1.0,1.0,1.0,9,AMIL-sig,UCEC,0
0.9030869974031226,0.7777777777777776,0.3647512311654739,0.9392964424866017,10,AMIL-sig,UCEC,0
0.9044664718922186,0.8571428571428572,0.3340538792922218,0.9785610585261756,9,AMIL-sig,UCEC,0
0.9053150631687323,0.8888888888888886,0.4329650902258062,0.9835640285255789,10,AMIL-sig,UCEC,0
0.9071213851030433,1.0,0.3340538792922218,0.9785610585261756,9,AMIL-sig,UCEC,0
0.9092608598420986,1.0,1.0,1.0,10,AMIL-sig,UCEC,0
0.9112238071126019,1.0,1.0,1.0,10,AMIL-sig,UCEC,0
0.9001179520107023,1.0,1.0,1.0,10,AMIL-sig,UCEC,1
0.9039913223923663,0.8888888888888886,0.4329650902258062,0.9835640285255789,9,AMIL-sig,UCEC,1
0.9060799642342212,0.7407407407407405,0.2892116549635915,0.9299761470137496,10,AMIL-sig,UCEC,1
0.9082239912529371,0.8571428571428572,0.3340538792922218,0.9785610585261756,9,AMIL-sig,UCEC,1
0.9095764789387246,1.0,1.0,1.0,10,AMIL-sig,UCEC,1
0.9112106210127884,1.0,0.3340538792922218,0.9785610585261756,9,AMIL-sig,UCEC,1
0.9122473689878683,0.7875000000000001,0.38088152320549645,0.9425909522237037,10,AMIL-sig,UCEC,1
0.9131695062401793,0.8571428571428572,0.3340538792922218,0.9785610585261756,9,AMIL-sig,UCEC,1
0.9151709781169289,0.8888888888888886,0.4329650902258062,0.9835640285255789,10,AMIL-sig,UCEC,1
0.9194008897219534,1.0,1.0,1.0,10,AMIL-sig,UCEC,1
0.8720940017832828,1.0,1.0,1.0,10,AMIL-sig,UCEC,2
0.8796451571061166,0.7291666666666667,0.2763902203361229,0.9253531812572053,9,AMIL-sig,UCEC,2
0.8828797049430644,0.7999999999999997,0.3045850742018473,0.8871484950277073,10,AMIL-sig,UCEC,2
0.88569560741605,0.7619047619047616,0.3321725136385504,0.9351042486971866,9,AMIL-sig,UCEC,2
0.8884404751107204,1.0,1.0,1.0,10,AMIL-sig,UCEC,2
0.8906311443434772,1.0,1.0,1.0,9,AMIL-sig,UCEC,2
0.8930460235807909,0.8750000000000001,0.38700001403202483,0.9813929658789661,10,AMIL-sig,UCEC,2
0.8951036210386616,1.0,1.0,1.0,9,AMIL-sig,UCEC,2
0.8966875420587137,0.8888888888888886,0.4329650902258062,0.9835640285255789,10,AMIL-sig,UCEC,2
0.9001877706553476,1.0,0.38700001403202483,0.9813929658789661,10,AMIL-sig,UCEC,2
0.893675498582782,0.7000000000000001,0.2247906640336551,0.9182986285969302,10,AMIL-sig,UCEC,3
0.8984353724768914,0.8750000000000001,0.38700001403202483,0.9813929658789661,9,AMIL-sig,UCEC,3
0.9022595154759523,0.7999999999999997,0.40869078163340444,0.9458726458389115,10,AMIL-sig,UCEC,3
0.9045639531036402,1.0,1.0,1.0,9,AMIL-sig,UCEC,3
0.906231808602697,0.8888888888888886,0.4329650902258062,0.9835640285255789,10,AMIL-sig,UCEC,3
0.9078892052499263,0.8888888888888886,0.4329650902258062,0.9835640285255789,9,AMIL-sig,UCEC,3
0.9088981394360406,1.0,1.0,1.0,10,AMIL-sig,UCEC,3
0.9095859495811598,0.8333333333333333,0.27312284992835606,0.9747124266908934,9,AMIL-sig,UCEC,3
0.910596565563821,1.0,1.0,1.0,10,AMIL-sig,UCEC,3
0.913062942268105,1.0,1.0,1.0,10,AMIL-sig,UCEC,3
0.9021043428392919,0.9,0.47300927136205023,0.9852813933673431,10,AMIL-sig,UCEC,4
0.9095850825675371,0.7619047619047616,0.3321725136385504,0.9351042486971866,9,AMIL-sig,UCEC,4
0.9133041931340593,0.8571428571428572,0.3340538792922218,0.9785610585261756,10,AMIL-sig,UCEC,4
0.9158506346871302,1.0,1.0,1.0,9,AMIL-sig,UCEC,4
0.917700274622355,0.9,0.47300927136205023,0.9852813933673431,10,AMIL-sig,UCEC,4
0.9202698093226771,0.8750000000000001,0.38700001403202483,0.9813929658789661,9,AMIL-sig,UCEC,4
0.9215629984561458,1.0,1.0,1.0,10,AMIL-sig,UCEC,4
0.922945399036348,0.8888888888888886,0.4329650902258062,0.9835640285255789,9,AMIL-sig,UCEC,4
0.9254317813934941,1.0,1.0,1.0,10,AMIL-sig,UCEC,4
0.9286260480504464,0.8571428571428572,0.3340538792922218,0.9785610585261756,10,AMIL-sig,UCEC,4
0.03699497535443825,0.3750000000000001,0.08700622510135315,0.6743633265627795,8,AMIL-concat,BLCA,0
0.19035585159035565,0.5000000000000001,0.11094826035143791,0.8037092368500569,7,AMIL-concat,BLCA,0
0.4302849515187903,0.8750000000000001,0.2763902203361229,0.9253531812572053,8,AMIL-concat,BLCA,0
0.6581923115823249,0.8571428571428572,0.2581536654587949,0.9197974560448583,7,AMIL-concat,BLCA,0
0.7249365370047008,0.8571428571428572,0.2581536654587949,0.9197974560448583,7,AMIL-concat,BLCA,0
0.7931567712322786,0.8571428571428572,0.3340538792922218,0.9785610585261756,8,AMIL-concat,BLCA,0
0.8410007880002024,0.7142857142857143,0.2581536654587949,0.9197974560448583,7,AMIL-concat,BLCA,0
0.8753583266380448,0.8,0.20380926326763904,0.9691797888667427,8,AMIL-concat,BLCA,0
0.8817244106787637,1.0,1.0,1.0,7,AMIL-concat,BLCA,0
0.8844419953869527,0.7500000000000001,0.314807113705519,0.9308983170906276,8,AMIL-concat,BLCA,0
0.017665252209086525,0.5714285714285714,0.09775220211692878,0.7343734170514472,8,AMIL-concat,BLCA,1
0.2094668740425252,0.6666666666666666,0.19461663680623478,0.9044341643225163,7,AMIL-concat,BLCA,1
0.5094026612994592,0.3750000000000001,0.08700622510135315,0.6743633265627795,8,AMIL-concat,BLCA,1
0.6616468285864843,0.42857142857142866,0.09775220211692878,0.7343734170514472,7,AMIL-concat,BLCA,1
0.7087293536816481,1.0,0.3340538792922218,0.9785610585261756,7,AMIL-concat,BLCA,1
0.7745744411387157,0.8571428571428572,0.3340538792922218,0.9785610585261756,8,AMIL-concat,BLCA,1
0.8286559400354735,0.5714285714285714,0.17186601552877506,0.8370827803491806,7,AMIL-concat,BLCA,1
0.8527139404180003,1.0,1.0,1.0,8,AMIL-concat,BLCA,1
0.8614398343261221,1.0,1.0,1.0,7,AMIL-concat,BLCA,1
0.8646595438480809,1.0,1.0,1.0,8,AMIL-concat,BLCA,1
0.04896906962274833,0.5714285714285714,0.09775220211692878,0.7343734170514472,8,AMIL-concat,BLCA,2
0.25201986592515885,0.14285714285714285,0.00712386407623846,0.4649413553155069,7,AMIL-concat,BLCA,2
0.6741012844695549,1.0,1.0,1.0,8,AMIL-concat,BLCA,2
0.7431501473780775,1.0,1.0,1.0,7,AMIL-concat,BLCA,2
0.7458427794104466,0.8571428571428572,0.3340538792922218,0.9785610585261756,7,AMIL-concat,BLCA,2
0.752678399028666,0.7500000000000001,0.314807113705519,0.9308983170906276,8,AMIL-concat,BLCA,2
0.7842571961675775,0.8571428571428572,0.3340538792922218,0.9785610585261756,7,AMIL-concat,BLCA,2
0.849591118544218,0.8571428571428572,0.2127974054293533,0.912111761205414,8,AMIL-concat,BLCA,2
0.877272857946476,0.6000000000000001,0.1257301829944313,0.8817564073935323,7,AMIL-concat,BLCA,2
0.8894698779429259,0.8571428571428572,0.3340538792922218,0.9785610585261756,8,AMIL-concat,BLCA,2
0.09868046393584282,0.3750000000000001,0.08700622510135315,0.6743633265627795,8,AMIL-concat,BLCA,3
0.32758138874177856,0.8571428571428572,0.3340538792922218,0.9785610585261756,7,AMIL-concat,BLCA,3
0.5247951963053034,0.7142857142857143,0.2581536654587949,0.9197974560448583,7,AMIL-concat,BLCA,3
0.6989136275689892,0.7142857142857143,0.2581536654587949,0.9197974560448583,8,AMIL-concat,BLCA,3
0.7547214550212347,0.8333333333333333,0.27312284992835606,0.9747124266908934,7,AMIL-concat,BLCA,3
0.8150476132175398,0.8571428571428572,0.3340538792922218,0.9785610585261756,7,AMIL-concat,BLCA,3
0.87403152223734,0.7142857142857143,0.17186601552877506,0.8370827803491806,8,AMIL-concat,BLCA,3
0.893786577956135,0.7142857142857143,0.2581536654587949,0.9197974560448583,7,AMIL-concat,BLCA,3
0.8995349642830714,0.8333333333333333,0.27312284992835606,0.9747124266908934,7,AMIL-concat,BLCA,3
0.9016341569978357,1.0,0.3340538792922218,0.9785610585261756,8,AMIL-concat,BLCA,3
0.02801976566935821,0.5000000000000001,0.1520358902990239,0.774865012066889,8,AMIL-concat,BLCA,4
0.1411035896565237,0.7142857142857143,0.2581536654587949,0.9197974560448583,7,AMIL-concat,BLCA,4
0.2791628140807456,0.7142857142857143,0.2581536654587949,0.9197974560448583,7,AMIL-concat,BLCA,4
0.5765709311182494,1.0,1.0,1.0,8,AMIL-concat,BLCA,4
0.6824306103780727,0.8571428571428572,0.3340538792922218,0.9785610585261756,7,AMIL-concat,BLCA,4
0.793024605557778,0.8571428571428572,0.2127974054293533,0.912111761205414,7,AMIL-concat,BLCA,4
0.8199905522723443,0.7500000000000001,0.314807113705519,0.9308983170906276,8,AMIL-concat,BLCA,4
0.8523881676140955,0.8,0.20380926326763904,0.9691797888667427,7,AMIL-concat,BLCA,4
0.9095377783740926,1.0,1.0,1.0,7,AMIL-concat,BLCA,4
0.9244289230166585,0.42857142857142866,0.09775220211692878,0.7343734170514472,8,AMIL-concat,BLCA,4
0.288784489033474,0.8687782805429863,0.5654857656183663,0.9658852071016502,20,AMIL-concat,BRCA,0
0.6941940957506503,0.7954545454545456,0.3931525870290891,0.9454487484121739,19,AMIL-concat,BRCA,0
0.865066311296722,0.6666666666666666,0.05407342678651668,0.945206387272047,11,AMIL-concat,BRCA,0
0.8783616650798911,0.9545454545454544,0.7187028534239333,0.9934696024400417,27,AMIL-concat,BRCA,0
0.8794971787598156,0.7170868347338932,0.3319356329323243,0.9045801296989809,19,AMIL-concat,BRCA,0
0.905594536223958,0.9375000000000001,0.6323454417389031,0.9909531417446664,19,AMIL-concat,BRCA,0
0.9441265643524858,0.8181818181818182,0.4474286146821811,0.9511622285824918,19,AMIL-concat,BRCA,0
0.9519944980998382,0.9411764705882352,0.6501789018555798,0.9914991055661495,19,AMIL-concat,BRCA,0
0.9532979218567577,1.0,1.0,1.0,19,AMIL-concat,BRCA,0
0.9533975993972182,1.0,1.0,1.0,20,AMIL-concat,BRCA,0
0.11893118724053914,0.8253968253968252,0.45136071899302455,0.9547662415465841,19,AMIL-concat,BRCA,1
0.5426293781237532,0.8470588235294115,0.49772186884857605,0.9612818458836875,19,AMIL-concat,BRCA,1
0.7922342332671994,0.8333333333333333,0.27312284992835606,0.9747124266908934,19,AMIL-concat,BRCA,1
0.8104791871973736,1.0,1.0,1.0,19,AMIL-concat,BRCA,1
0.8329261924728432,0.8203125000000001,0.4230915062870841,0.9554150752744096,19,AMIL-concat,BRCA,1
0.8982326658762965,0.8333333333333335,0.48171494219537864,0.955509365728065,19,AMIL-concat,BRCA,1
0.9235004294213994,1.0,1.0,1.0,19,AMIL-concat,BRCA,1
0.9255054573262175,0.7875000000000001,0.38088152320549645,0.9425909522237037,19,AMIL-concat,BRCA,1
0.9255801775459895,0.9473684210526316,0.6811867998062862,0.992414635519268,19,AMIL-concat,BRCA,1
0.9255821080533343,0.9444444444444446,0.666390168335329,0.991982923674006,20,AMIL-concat,BRCA,1
0.14511360893727523,0.8571428571428572,0.15146703869770164,0.9017373657617976,19,AMIL-concat,BRCA,2
0.49732217274879614,0.8571428571428572,0.2581536654587949,0.9197974560448583,19,AMIL-concat,BRCA,2
0.8032135744597955,0.8333333333333333,0.27312284992835606,0.9747124266908934,19,AMIL-concat,BRCA,2
0.8337385930523,1.0,1.0,1.0,19,AMIL-concat,BRCA,2
0.8432397087344164,1.0,1.0,1.0,19,AMIL-concat,BRCA,2
0.9039400211897037,0.8076923076923078,0.22678051569297517,0.8793794684313232,19,AMIL-concat,BRCA,2
0.9319189104195881,0.9285714285714287,0.5907668674267574,0.98961982313685,19,AMIL-concat,BRCA,2
0.9350463932960121,0.8173374613003095,0.5265223504626596,0.9385452485424569,19,AMIL-concat,BRCA,2
0.9352234009883817,0.9230769230769231,0.5663594661305215,0.9887940623036894,19,AMIL-concat,BRCA,2
0.9352459103640411,0.7777777777777775,0.4420734569701875,0.9255434613740166,20,AMIL-concat,BRCA,2
0.19690435043650711,0.7058823529411763,0.36084263257834853,0.8877910203049545,19,AMIL-concat,BRCA,3
0.6000821126366185,1.0,1.0,1.0,19,AMIL-concat,BRCA,3
0.7673983012888326,1.0,1.0,1.0,19,AMIL-concat,BRCA,3
0.776494108786391,0.7828947368421055,0.42855542913006894,0.931742027465741,19,AMIL-concat,BRCA,3
0.8445370908705424,1.0,1.0,1.0,19,AMIL-concat,BRCA,3
0.896175347021998,1.0,1.0,1.0,19,AMIL-concat,BRCA,3
0.9063799392936478,0.8259109311740893,0.5464726249248935,0.9412545467645613,19,AMIL-concat,BRCA,3
0.9071042540855084,0.9,0.344942874677329,0.9386873807738738,19,AMIL-concat,BRCA,3
0.9071618610771416,1.0,1.0,1.0,19,AMIL-concat,BRCA,3
0.9071674406275623,0.8250000000000001,0.46094567705283446,0.9533403904972328,20,AMIL-concat,BRCA,3
0.3624045424939634,0.8500000000000002,0.501492669463037,0.962453408057238,19,AMIL-concat,BRCA,4
0.7150113559860986,0.9444444444444446,0.666390168335329,0.991982923674006,19,AMIL-concat,BRCA,4
0.8432553721339575,0.8235294117647058,0.4256817558121185,0.9568220037361971,19,AMIL-concat,BRCA,4
0.8793896936413264,0.9,0.47300927136205023,0.9852813933673431,19,AMIL-concat,BRCA,4
0.8797182023012766,0.9285714285714287,0.5907668674267574,0.98961982313685,19,AMIL-concat,BRCA,4
0.9030935136796777,0.9411764705882352,0.6501789018555798,0.9914991055661495,19,AMIL-concat,BRCA,4
0.9425780653091099,0.8076923076923078,0.4097963397838906,0.9501539917796878,19,AMIL-concat,BRCA,4
0.9525349167385883,0.9166666666666667,0.5389771805707405,0.9878255654004581,19,AMIL-concat,BRCA,4
0.9537645662071279,0.9444444444444446,0.666390168335329,0.991982923674006,19,AMIL-concat,BRCA,4
0.9538163188950632,0.9285714285714287,0.5907668674267574,0.98961982313685,20,AMIL-concat,BRCA,4
0.002322680323854485,0.6666666666666665,0.3370189325414018,0.8597117990844396,12,AMIL-concat,GBMLGG,0
0.08063411072085236,0.4675324675324676,0.08436047476863272,0.6413671849283488,11,AMIL-concat,GBMLGG,0
0.3570742032876489,0.47999999999999987,0.1608546691176385,0.7446657267578023,11,AMIL-concat,GBMLGG,0
0.5565458164800801,0.5714285714285716,0.10832694617637008,0.7239694799078712,12,AMIL-concat,GBMLGG,0
0.7494761916943841,0.9,0.47300927136205023,0.9852813933673431,11,AMIL-concat,GBMLGG,0
0.8626135502290837,1.0,1.0,1.0,11,AMIL-concat,GBMLGG,0
0.887914407285752,1.0,1.0,1.0,12,AMIL-concat,GBMLGG,0
0.8901872785229566,1.0,1.0,1.0,11,AMIL-concat,GBMLGG,0
0.8904175349513686,1.0,1.0,1.0,11,AMIL-concat,GBMLGG,0
0.890447224140552,1.0,1.0,1.0,12,AMIL-concat,GBMLGG,0
0.001896745326412968,0.3142857142857142,0.07613218776161745,0.5943937736284638,12,AMIL-concat,GBMLGG,1
0.05754452472361859,0.404040404040404,0.12463207578933837,0.6740917086411464,11,AMIL-concat,GBMLGG,1
0.30120712585474946,0.8181818181818182,0.3501903859079383,0.8990239741910536,11,AMIL-concat,GBMLGG,1
0.5602867875970717,0.8080808080808078,0.4234960061901241,0.9485229350173676,12,AMIL-concat,GBMLGG,1
0.7459866062555218,0.9,0.2982778922782436,0.933874906953504,11,AMIL-concat,GBMLGG,1
0.7946150173703928,1.0,0.3340538792922218,0.9785610585261756,11,AMIL-concat,GBMLGG,1
0.796666119588966,0.8571428571428572,0.3340538792922218,0.9785610585261756,12,AMIL-concat,GBMLGG,1
0.7968898021789314,1.0,1.0,1.0,11,AMIL-concat,GBMLGG,1
0.7969041148774167,1.0,1.0,1.0,11,AMIL-concat,GBMLGG,1
0.7969077510425301,1.0,1.0,1.0,12,AMIL-concat,GBMLGG,1
0.0020933464826463654,0.11111111111111109,0.006338017380401166,0.3852411973474512,12,AMIL-concat,GBMLGG,2
0.10674205320022655,0.5625,0.20942124371047172,0.8091709215309918,11,AMIL-concat,GBMLGG,2
0.2747033629521378,0.7500000000000001,0.314807113705519,0.9308983170906276,11,AMIL-concat,GBMLGG,2
0.5534539673446905,0.8250000000000001,0.46094567705283446,0.9533403904972328,12,AMIL-concat,GBMLGG,2
0.7415964869339656,1.0,1.0,1.0,11,AMIL-concat,GBMLGG,2
0.7642772418888949,0.8181818181818182,0.4474286146821811,0.9511622285824918,11,AMIL-concat,GBMLGG,2
0.7669928848013061,1.0,1.0,1.0,12,AMIL-concat,GBMLGG,2
0.7675387281122759,1.0,1.0,1.0,11,AMIL-concat,GBMLGG,2
0.7676975913771208,1.0,1.0,1.0,11,AMIL-concat,GBMLGG,2
0.7677353548901323,1.0,1.0,1.0,12,AMIL-concat,GBMLGG,2
0.025963164044294367,0.2716049382716049,0.04862744325590476,0.5701386371803857,12,AMIL-concat,GBMLGG,3
0.1533135191187939,0.29829545454545453,0.04826776908982575,0.6170652470319001,11,AMIL-concat,GBMLGG,3
0.4749254419807205,0.6363636363636362,0.29689209884730305,0.8451633859703083,11,AMIL-concat,GBMLGG,3
0.7470011499166872,1.0,1.0,1.0,12,AMIL-concat,GBMLGG,3
0.7910361355224501,1.0,1.0,1.0,11,AMIL-concat,GBMLGG,3
0.8827940625571503,0.8888888888888886,0.4329650902258062,0.9835640285255789,11,AMIL-concat,GBMLGG,3
0.9027778639425654,0.9,0.47300927136205023,0.9852813933673431,12,AMIL-concat,GBMLGG,3
0.9046157604072236,1.0,1.0,1.0,11,AMIL-concat,GBMLGG,3
0.904792702412482,1.0,1.0,1.0,11,AMIL-concat,GBMLGG,3
0.9047989776606268,1.0,1.0,1.0,12,AMIL-concat,GBMLGG,3
0.0022515349748340116,0.3116883116883116,0.0753224699386804,0.5912491492803744,12,AMIL-concat,GBMLGG,4
0.09304830537723062,0.4545454545454544,0.1666174941236603,0.7068755049022615,11,AMIL-concat,GBMLGG,4
0.28116993157406944,0.7619047619047616,0.23822573580415973,0.8660238199909502,11,AMIL-concat,GBMLGG,4
0.5756017262885996,0.7875000000000001,0.29058535740313257,0.8824967337087402,11,AMIL-concat,GBMLGG,4
0.702283664360804,0.9,0.47300927136205023,0.9852813933673431,11,AMIL-concat,GBMLGG,4
0.8312615066004952,1.0,1.0,1.0,12,AMIL-concat,GBMLGG,4
0.8405901611700526,1.0,1.0,1.0,11,AMIL-concat,GBMLGG,4
0.8407089995027999,1.0,1.0,1.0,9,AMIL-concat,GBMLGG,4
0.8407110018724304,1.0,1.0,1.0,8,AMIL-concat,GBMLGG,4
0.8407110931294866,0.9411764705882352,0.6501789018555798,0.9914991055661495,17,AMIL-concat,GBMLGG,4
0.008407633787698026,0.5000000000000001,0.1520358902990239,0.774865012066889,9,AMIL-concat,LUAD,0
0.24691018269054213,1.0,1.0,1.0,9,AMIL-concat,LUAD,0
0.506873385898541,0.7500000000000001,0.19549586608499786,0.852254345762209,9,AMIL-concat,LUAD,0
0.7558471331271921,1.0,1.0,1.0,9,AMIL-concat,LUAD,0
0.7798242933649314,0.7000000000000001,0.2247906640336551,0.9182986285969302,9,AMIL-concat,LUAD,0
0.8361496251958445,0.7619047619047616,0.3321725136385504,0.9351042486971866,9,AMIL-concat,LUAD,0
0.8743832390623357,0.5555555555555554,0.20424177563882337,0.804525015879248,9,AMIL-concat,LUAD,0
0.8921405067753027,1.0,1.0,1.0,9,AMIL-concat,LUAD,0
0.9017568706762769,0.8888888888888886,0.232714469071382,0.9233724996159962,9,AMIL-concat,LUAD,0
0.9038905596350648,0.8750000000000001,0.38700001403202483,0.9813929658789661,10,AMIL-concat,LUAD,0
0.05467839365568457,0.7500000000000001,0.1468058374618532,0.8415241908918336,9,AMIL-concat,LUAD,1
0.2707062267566731,0.7142857142857143,0.2581536654587949,0.9197974560448583,9,AMIL-concat,LUAD,1
0.5603680648585707,0.5555555555555554,0.20424177563882337,0.804525015879248,9,AMIL-concat,LUAD,1
0.7404756885953185,0.8571428571428572,0.3340538792922218,0.9785610585261756,9,AMIL-concat,LUAD,1
0.7476555531012556,0.7619047619047616,0.3321725136385504,0.9351042486971866,9,AMIL-concat,LUAD,1
0.7588804736020026,1.0,1.0,1.0,9,AMIL-concat,LUAD,1
0.7967285939315258,0.8750000000000001,0.0765209444917001,0.8931208905408876,9,AMIL-concat,LUAD,1
0.8240109607210564,0.7291666666666667,0.2763902203361229,0.9253531812572053,9,AMIL-concat,LUAD,1
0.8724756415690609,0.8888888888888886,0.4329650902258062,0.9835640285255789,9,AMIL-concat,LUAD,1
0.8927109828495718,0.8888888888888886,0.4329650902258062,0.9835640285255789,10,AMIL-concat,LUAD,1
0.05648173568085299,0.5925925925925923,0.1038650784906295,0.7479808978601968,9,AMIL-concat,LUAD,2
0.5432743879540878,0.7619047619047616,0.3321725136385504,0.9351042486971866,9,AMIL-concat,LUAD,2
0.6794356222755624,0.7777777777777776,0.3647512311654739,0.9392964424866017,9,AMIL-concat,LUAD,2
0.7987150892508638,1.0,1.0,1.0,9,AMIL-concat,LUAD,2
0.8044781135049447,1.0,1.0,1.0,9,AMIL-concat,LUAD,2
0.8084612772150207,0.5833333333333333,0.15714122940570646,0.8547172648855974,9,AMIL-concat,LUAD,2
0.8281790401820673,0.8888888888888886,0.4329650902258062,0.9835640285255789,9,AMIL-concat,LUAD,2
0.8745850597816306,0.8888888888888886,0.4329650902258062,0.9835640285255789,9,AMIL-concat,LUAD,2
0.9144367813984015,1.0,1.0,1.0,9,AMIL-concat,LUAD,2
0.9225833069758933,0.5833333333333331,0.22978651892398372,0.8207394971721559,10,AMIL-concat,LUAD,2
0.07467573828072449,0.44444444444444436,0.13587247761957927,0.7193145897250302,9,AMIL-concat,LUAD,3
0.4769842093858203,0.625,0.22933332242913165,0.8606982769135387,9,AMIL-concat,LUAD,3
0.783284096622341,0.7777777777777776,0.3647512311654739,0.9392964424866017,9,AMIL-concat,LUAD,3
0.8111258358357827,0.8333333333333333,0.27312284992835606,0.9747124266908934,9,AMIL-concat,LUAD,3
0.8122601144486502,1.0,1.0,1.0,9,AMIL-concat,LUAD,3
0.817801611566371,1.0,1.0,1.0,9,AMIL-concat,LUAD,3
0.8435484526102976,0.8,0.20380926326763904,0.9691797888667427,9,AMIL-concat,LUAD,3
0.8838751484931541,1.0,0.3340538792922218,0.9785610585261756,9,AMIL-concat,LUAD,3
0.9136384848089203,0.6222222222222221,0.21315181336803424,0.8644759848764881,9,AMIL-concat,LUAD,3
0.9253765924047046,0.8888888888888886,0.4329650902258062,0.9835640285255789,9,AMIL-concat,LUAD,3
0.056719660406598975,0.8750000000000001,0.38700001403202483,0.9813929658789661,9,AMIL-concat,LUAD,4
0.5474701102677391,0.6481481481481479,0.16406665034581658,0.7876889334984538,9,AMIL-concat,LUAD,4
0.7600582366090565,0.8888888888888886,0.4329650902258062,0.9835640285255789,9,AMIL-concat,LUAD,4
0.7610635621315865,0.7291666666666667,0.2763902203361229,0.9253531812572053,9,AMIL-concat,LUAD,4
0.7838826837133099,1.0,1.0,1.0,9,AMIL-concat,LUAD,4
0.8321792115398967,0.7407407407407405,0.2892116549635915,0.9299761470137496,9,AMIL-concat,LUAD,4
0.8765245833851123,1.0,0.27312284992835606,0.9747124266908934,9,AMIL-concat,LUAD,4
0.8951569618913745,0.6666666666666665,0.2816822422216508,0.8783067576313743,9,AMIL-concat,LUAD,4
0.9019918026445777,1.0,0.20380926326763904,0.9691797888667427,9,AMIL-concat,LUAD,4
0.903659838338386,0.5185185185185184,0.16406665034581658,0.7876889334984538,9,AMIL-concat,LUAD,4
0.810907727639085,0.7714285714285715,0.344942874677329,0.9386873807738738,10,AMIL-concat,UCEC,0
0.8500842828315952,0.8888888888888886,0.4329650902258062,0.9835640285255789,9,AMIL-concat,UCEC,0
0.8794402783225204,0.9,0.47300927136205023,0.9852813933673431,10,AMIL-concat,UCEC,0
0.8932078785809332,0.8888888888888886,0.4329650902258062,0.9835640285255789,9,AMIL-concat,UCEC,0
0.9008867978726656,0.7142857142857143,0.2581536654587949,0.9197974560448583,10,AMIL-concat,UCEC,0
0.9083268360713558,1.0,1.0,1.0,9,AMIL-concat,UCEC,0
0.9159415347492501,1.0,1.0,1.0,10,AMIL-concat,UCEC,0
0.9311596097523983,0.7500000000000001,0.12794691759514565,0.9605486422850785,9,AMIL-concat,UCEC,0
0.9375348001329323,1.0,1.0,1.0,10,AMIL-concat,UCEC,0
0.9411794284808442,1.0,1.0,1.0,10,AMIL-concat,UCEC,0
0.7245647649026222,0.8750000000000001,0.38700001403202483,0.9813929658789661,10,AMIL-concat,UCEC,1
0.7757194692808488,1.0,1.0,1.0,9,AMIL-concat,UCEC,1
0.8212774542500656,0.7999999999999997,0.40869078163340444,0.9458726458389115,10,AMIL-concat,UCEC,1
0.8765271102566918,1.0,1.0,1.0,9,AMIL-concat,UCEC,1
0.89797425124239,0.8333333333333333,0.27312284992835606,0.9747124266908934,10,AMIL-concat,UCEC,1
0.9308310192737521,0.7407407407407405,0.2892116549635915,0.9299761470137496,9,AMIL-concat,UCEC,1
0.9463161960121986,0.8888888888888886,0.4329650902258062,0.9835640285255789,10,AMIL-concat,UCEC,1
0.9489805507989063,1.0,1.0,1.0,9,AMIL-concat,UCEC,1
0.9496509608965086,1.0,0.4329650902258062,0.9835640285255789,10,AMIL-concat,UCEC,1
0.9507645055335118,0.8750000000000001,0.38700001403202483,0.9813929658789661,10,AMIL-concat,UCEC,1
0.6261689930115354,0.8571428571428572,0.3340538792922218,0.9785610585261756,10,AMIL-concat,UCEC,2
0.7692787016511695,0.7111111111111109,0.232714469071382,0.9233724996159962,9,AMIL-concat,UCEC,2
0.8327604491207363,1.0,1.0,1.0,10,AMIL-concat,UCEC,2
0.8676555047672062,0.8750000000000001,0.38700001403202483,0.9813929658789661,9,AMIL-concat,UCEC,2
0.8797215972213527,0.8888888888888886,0.4329650902258062,0.9835640285255789,10,AMIL-concat,UCEC,2
0.9075118767331267,0.8750000000000001,0.38700001403202483,0.9813929658789661,9,AMIL-concat,UCEC,2
0.9273425587708666,0.9,0.47300927136205023,0.9852813933673431,10,AMIL-concat,UCEC,2
0.9303883700576484,0.8750000000000001,0.38700001403202483,0.9813929658789661,9,AMIL-concat,UCEC,2
0.9320724877805773,1.0,1.0,1.0,10,AMIL-concat,UCEC,2
0.9349210008611223,1.0,1.0,1.0,10,AMIL-concat,UCEC,2
0.7099825125133634,0.8888888888888886,0.4329650902258062,0.9835640285255789,10,AMIL-concat,UCEC,3
0.7843729118311591,1.0,1.0,1.0,9,AMIL-concat,UCEC,3
0.8190398974823095,0.7619047619047616,0.3321725136385504,0.9351042486971866,10,AMIL-concat,UCEC,3
0.8443355132515332,0.7777777777777776,0.3647512311654739,0.9392964424866017,9,AMIL-concat,UCEC,3
0.8993532262753664,0.9,0.47300927136205023,0.9852813933673431,10,AMIL-concat,UCEC,3
0.9158873207980454,1.0,1.0,1.0,9,AMIL-concat,UCEC,3
0.9388442160703351,1.0,1.0,1.0,10,AMIL-concat,UCEC,3
0.9429032956704191,0.8571428571428572,0.3340538792922218,0.9785610585261756,9,AMIL-concat,UCEC,3
0.9449093653526498,1.0,1.0,1.0,10,AMIL-concat,UCEC,3
0.9486231691062855,0.8750000000000001,0.38700001403202483,0.9813929658789661,10,AMIL-concat,UCEC,3
0.771928149629155,1.0,1.0,1.0,10,AMIL-concat,UCEC,4
0.8449917961043456,0.8571428571428572,0.3340538792922218,0.9785610585261756,9,AMIL-concat,UCEC,4
0.880026680776728,0.8888888888888886,0.4329650902258062,0.9835640285255789,10,AMIL-concat,UCEC,4
0.8977980809911688,0.8571428571428572,0.3340538792922218,0.9785610585261756,9,AMIL-concat,UCEC,4
0.9087508104339677,1.0,1.0,1.0,10,AMIL-concat,UCEC,4
0.9247681485059918,0.6666666666666665,0.2816822422216508,0.8783067576313743,9,AMIL-concat,UCEC,4
0.9422666436863711,1.0,1.0,1.0,10,AMIL-concat,UCEC,4
0.9591181707543363,1.0,1.0,1.0,9,AMIL-concat,UCEC,4
0.9604846043224541,0.7999999999999997,0.40869078163340444,0.9458726458389115,10,AMIL-concat,UCEC,4
0.9617275238044689,1.0,1.0,1.0,10,AMIL-concat,UCEC,4
0.7293821735953931,0.625,0.22933332242913165,0.8606982769135387,8,SNN,BLCA,0
0.7388986969214616,1.0,0.3340538792922218,0.9785610585261756,7,SNN,BLCA,0
0.742501922688634,0.6000000000000001,0.19549586608499786,0.852254345762209,8,SNN,BLCA,0
0.7461788033915507,0.7142857142857143,0.2581536654587949,0.9197974560448583,7,SNN,BLCA,0
0.7504925749231518,0.5555555555555555,0.07344165011273368,0.8760704399907502,7,SNN,BLCA,0
0.754384611723304,1.0,1.0,1.0,8,SNN,BLCA,0
0.7584111963725217,0.6000000000000001,0.1257301829944313,0.8817564073935323,7,SNN,BLCA,0
0.761385131584382,0.625,0.22933332242913165,0.8606982769135387,8,SNN,BLCA,0
0.7670514210925325,0.8571428571428572,0.3340538792922218,0.9785610585261756,7,SNN,BLCA,0
0.830164042724748,0.8750000000000001,0.38700001403202483,0.9813929658789661,8,SNN,BLCA,0
0.7314913535738798,0.6000000000000001,0.1257301829944313,0.8817564073935323,8,SNN,BLCA,1
0.738817070858836,0.7142857142857143,0.2581536654587949,0.9197974560448583,7,SNN,BLCA,1
0.7463273020865338,0.7500000000000001,0.314807113705519,0.9308983170906276,8,SNN,BLCA,1
0.7507236325421142,0.5714285714285714,0.09775220211692878,0.7343734170514472,7,SNN,BLCA,1
0.7556816418459905,0.8571428571428572,0.3340538792922218,0.9785610585261756,7,SNN,BLCA,1
0.7630816041410875,0.5000000000000001,0.1520358902990239,0.774865012066889,8,SNN,BLCA,1
0.770078407905155,1.0,1.0,1.0,7,SNN,BLCA,1
0.7737465570667135,0.8571428571428572,0.3340538792922218,0.9785610585261756,8,SNN,BLCA,1
0.7821909148426603,0.8333333333333333,0.27312284992835606,0.9747124266908934,7,SNN,BLCA,1
0.8324995901455012,0.7500000000000001,0.314807113705519,0.9308983170906276,8,SNN,BLCA,1
0.723321899813202,0.42857142857142866,0.09775220211692878,0.7343734170514472,8,SNN,BLCA,2
0.7327117788102316,0.6857142857142857,0.2127974054293533,0.912111761205414,7,SNN,BLCA,2
0.7385924488828324,0.7500000000000001,0.314807113705519,0.9308983170906276,8,SNN,BLCA,2
0.7423810775927334,1.0,0.27312284992835606,0.9747124266908934,7,SNN,BLCA,2
0.7463754732419066,0.38095238095238093,0.06123117423843072,0.7164419926255815,7,SNN,BLCA,2
0.7522648645833578,0.8571428571428572,0.3340538792922218,0.9785610585261756,8,SNN,BLCA,2
0.7585920976125811,1.0,0.3340538792922218,0.9785610585261756,7,SNN,BLCA,2
0.7638755576442845,0.7500000000000001,0.314807113705519,0.9308983170906276,8,SNN,BLCA,2
0.7756797324002386,1.0,1.0,1.0,7,SNN,BLCA,2
0.8398186410119304,0.7500000000000001,0.314807113705519,0.9308983170906276,8,SNN,BLCA,2
0.7349020211442481,0.7500000000000001,0.22933332242913165,0.8606982769135387,8,SNN,BLCA,3
0.7487719602710199,0.5714285714285714,0.17186601552877506,0.8370827803491806,7,SNN,BLCA,3
0.7553935716184546,0.42857142857142866,0.09775220211692878,0.7343734170514472,7,SNN,BLCA,3
0.7640305607244713,1.0,0.38700001403202483,0.9813929658789661,8,SNN,BLCA,3
0.7729670225569392,0.7142857142857143,0.13198817696263862,0.8249970420397139,7,SNN,BLCA,3
0.779863616653134,0.8333333333333333,0.27312284992835606,0.9747124266908934,7,SNN,BLCA,3
0.7850882911294093,0.8750000000000001,0.38700001403202483,0.9813929658789661,8,SNN,BLCA,3
0.7892803430967472,0.8,0.20380926326763904,0.9691797888667427,7,SNN,BLCA,3
0.7995258913089526,0.6666666666666666,0.19461663680623478,0.9044341643225163,7,SNN,BLCA,3
0.8824920907847691,0.8750000000000001,0.2763902203361229,0.9253531812572053,8,SNN,BLCA,3
0.7172159739956847,0.8571428571428572,0.3340538792922218,0.9785610585261756,8,SNN,BLCA,4
0.7386407862615314,0.42857142857142866,0.09775220211692878,0.7343734170514472,7,SNN,BLCA,4
0.7462088980463849,0.6857142857142857,0.2127974054293533,0.912111761205414,7,SNN,BLCA,4
0.7516529379348706,0.7291666666666667,0.2763902203361229,0.9253531812572053,8,SNN,BLCA,4
0.7576471993490884,0.7142857142857143,0.13198817696263862,0.8249970420397139,7,SNN,BLCA,4
0.7629849779423953,0.8571428571428572,0.3340538792922218,0.9785610585261756,7,SNN,BLCA,4
0.771619139042206,0.8,0.20380926326763904,0.9691797888667427,8,SNN,BLCA,4
0.7792778307971605,1.0,1.0,1.0,7,SNN,BLCA,4
0.7906878602666005,0.7142857142857143,0.2581536654587949,0.9197974560448583,7,SNN,BLCA,4
0.8715300178535504,0.7500000000000001,0.314807113705519,0.9308983170906276,8,SNN,BLCA,4
0.8833468355944085,0.9,0.47300927136205023,0.9852813933673431,20,SNN,BRCA,0
0.8833820098802864,0.7954545454545456,0.3931525870290891,0.9454487484121739,19,SNN,BRCA,0
0.8833939682902475,0.8750000000000001,0.38700001403202483,0.9813929658789661,19,SNN,BRCA,0
0.8834050448244204,0.8181818181818182,0.4474286146821811,0.9511622285824918,19,SNN,BRCA,0
0.8834170016655322,0.9375000000000001,0.6323454417389031,0.9909531417446664,19,SNN,BRCA,0
0.8834309471094247,0.8888888888888886,0.4329650902258062,0.9835640285255789,19,SNN,BRCA,0
0.8834477004924458,0.8333333333333335,0.5676855186806898,0.9429797415789366,19,SNN,BRCA,0
0.8834626388907013,1.0,1.0,1.0,19,SNN,BRCA,0
0.883482356582813,0.8555555555555554,0.5327065980043645,0.9620932539773129,19,SNN,BRCA,0
0.8835369257166266,1.0,1.0,1.0,20,SNN,BRCA,0
0.8795689991937505,0.9333333333333331,0.6126412437748727,0.9903322366500168,19,SNN,BRCA,1
0.8797544799807577,0.8333333333333333,0.27312284992835606,0.9747124266908934,19,SNN,BRCA,1
0.8797696839706679,1.0,1.0,1.0,19,SNN,BRCA,1
0.8797770642941551,0.7875000000000001,0.38088152320549645,0.9425909522237037,19,SNN,BRCA,1
0.8797881123989278,0.9090909090909092,0.5080802057699292,0.9866738226678231,19,SNN,BRCA,1
0.8798022717974142,0.9090909090909092,0.5080802057699292,0.9866738226678231,19,SNN,BRCA,1
0.8798167858916417,0.9411764705882352,0.6501789018555798,0.9914991055661495,19,SNN,BRCA,1
0.8798341806196002,0.7177033492822967,0.3111774166937085,0.9100571710811718,19,SNN,BRCA,1
0.8798651852646019,0.9473684210526316,0.6811867998062862,0.992414635519268,19,SNN,BRCA,1
0.8837212091032176,0.8814814814814815,0.601933044647166,0.9691351652843214,20,SNN,BRCA,1
0.8684605372861501,0.8571428571428572,0.3340538792922218,0.9785610585261756,19,SNN,BRCA,2
0.8685182071198672,1.0,1.0,1.0,19,SNN,BRCA,2
0.868531481327048,0.9444444444444446,0.666390168335329,0.991982923674006,19,SNN,BRCA,2
0.8685420815292769,0.8148148148148145,0.4350637462628994,0.9508550519184396,19,SNN,BRCA,2
0.8685520022093685,0.9230769230769231,0.5663594661305215,0.9887940623036894,19,SNN,BRCA,2
0.8685638475971798,0.7619047619047616,0.3321725136385504,0.9351042486971866,19,SNN,BRCA,2
0.8685751024484091,0.7500000000000001,0.314807113705519,0.9308983170906276,19,SNN,BRCA,2
0.8685887182871403,0.8166666666666665,0.41973399344200796,0.953852486873075,19,SNN,BRCA,2
0.8686117393275582,0.9166666666666667,0.5389771805707405,0.9878255654004581,19,SNN,BRCA,2
0.8686586351675816,0.9285714285714287,0.5907668674267574,0.98961982313685,20,SNN,BRCA,2
0.8760981544891375,0.9444444444444446,0.666390168335329,0.991982923674006,19,SNN,BRCA,3
0.8761341826792987,1.0,1.0,1.0,19,SNN,BRCA,3
0.8761546131234276,0.8095238095238098,0.37823516938416923,0.9551121678148634,19,SNN,BRCA,3
0.8761686183708411,0.8522727272727274,0.518970534716174,0.9617929559928443,19,SNN,BRCA,3
0.8761832469687348,0.9333333333333331,0.6126412437748727,0.9903322366500168,19,SNN,BRCA,3
0.8761954322536871,0.9411764705882352,0.6501789018555798,0.9914991055661495,19,SNN,BRCA,3
0.8762112731318534,0.9285714285714287,0.4153964677671634,0.9521090197682054,19,SNN,BRCA,3
0.8762270322515712,0.9,0.344942874677329,0.9386873807738738,19,SNN,BRCA,3
0.8762529352367174,0.8769841269841274,0.5879705293784234,0.9680756493245293,19,SNN,BRCA,3
0.876331229068495,0.8250000000000001,0.46094567705283446,0.9533403904972328,20,SNN,BRCA,3
0.8807961714240118,1.0,1.0,1.0,19,SNN,BRCA,4
0.8808637625168256,0.871794871794872,0.5715692365664508,0.9669075149574842,19,SNN,BRCA,4
0.8808914935158294,1.0,1.0,1.0,19,SNN,BRCA,4
0.8809064929892316,0.9090909090909092,0.5080802057699292,0.9866738226678231,19,SNN,BRCA,4
0.880921436747968,0.9166666666666667,0.5389771805707405,0.9878255654004581,19,SNN,BRCA,4
0.8809359856992129,0.7619047619047616,0.3321725136385504,0.9351042486971866,19,SNN,BRCA,4
0.8809475640137299,0.9090909090909092,0.5080802057699292,0.9866738226678231,19,SNN,BRCA,4
0.8809606016760966,0.787037037037037,0.4532895541933104,0.9300811404141968,19,SNN,BRCA,4
0.8809801100012827,0.9411764705882352,0.6501789018555798,0.9914991055661495,19,SNN,BRCA,4
0.8810452863489164,0.8263888888888892,0.42766667123283,0.9580941897732222,20,SNN,BRCA,4
0.8023344843596383,0.6666666666666665,0.25380278045990967,0.795812687538135,12,SNN,GBMLGG,0
0.803616775791388,0.7999999999999997,0.40869078163340444,0.9458726458389115,11,SNN,GBMLGG,0
0.804071080870751,0.6926406926406925,0.3119306917058694,0.8906808139761474,11,SNN,GBMLGG,0
0.804446413178984,0.7291666666666669,0.367694239188378,0.9050972572825438,12,SNN,GBMLGG,0
0.8049043859069094,0.7999999999999997,0.40869078163340444,0.9458726458389115,11,SNN,GBMLGG,0
0.8052576137728004,0.8333333333333333,0.27312284992835606,0.9747124266908934,11,SNN,GBMLGG,0
0.8055913371169243,1.0,1.0,1.0,12,SNN,GBMLGG,0
0.8059292896898037,0.8888888888888886,0.4329650902258062,0.9835640285255789,11,SNN,GBMLGG,0
0.8065065569714424,0.7291666666666667,0.2763902203361229,0.9253531812572053,11,SNN,GBMLGG,0
0.8075769517322643,0.9166666666666667,0.46094567705283446,0.9533403904972328,12,SNN,GBMLGG,0
0.788388253461093,0.9090909090909092,0.5080802057699292,0.9866738226678231,12,SNN,GBMLGG,1
0.7898067753200109,0.49999999999999983,0.18360559061901463,0.7531740769982297,11,SNN,GBMLGG,1
0.7908181207542953,0.7954545454545456,0.2657329942765008,0.8802375856809544,11,SNN,GBMLGG,1
0.7912896174221856,0.8888888888888886,0.4329650902258062,0.9835640285255789,12,SNN,GBMLGG,1
0.791943188306835,1.0,0.38700001403202483,0.9813929658789661,11,SNN,GBMLGG,1
0.7924719608370406,0.8888888888888886,0.4329650902258062,0.9835640285255789,11,SNN,GBMLGG,1
0.7930481689164405,0.8080808080808078,0.4234960061901241,0.9485229350173676,12,SNN,GBMLGG,1
0.79360834077016,0.7499999999999999,0.2982778922782436,0.933874906953504,11,SNN,GBMLGG,1
0.7944533226949336,0.707070707070707,0.25804319453951496,0.831000201536765,11,SNN,GBMLGG,1
0.7955836357262016,0.7792207792207794,0.24939457189196096,0.8743711120020271,12,SNN,GBMLGG,1
0.7570051114861949,0.5656565656565656,0.20052936236117253,0.8170627659988513,12,SNN,GBMLGG,2
0.7584700395543067,0.8,0.20380926326763904,0.9691797888667427,11,SNN,GBMLGG,2
0.759434265573515,0.7999999999999997,0.40869078163340444,0.9458726458389115,11,SNN,GBMLGG,2
0.759882222923501,0.9,0.47300927136205023,0.9852813933673431,12,SNN,GBMLGG,2
0.7603000922658378,0.6363636363636362,0.29689209884730305,0.8451633859703083,11,SNN,GBMLGG,2
0.7606936329678963,0.6428571428571428,0.24465696178837074,0.8705258014649645,11,SNN,GBMLGG,2
0.7611822612209949,1.0,1.0,1.0,12,SNN,GBMLGG,2
0.7616613151822698,0.5357142857142858,0.13198817696263862,0.8249970420397139,11,SNN,GBMLGG,2
0.7624920724261556,1.0,1.0,1.0,11,SNN,GBMLGG,2
0.7640757894666401,0.9090909090909092,0.5080802057699292,0.9866738226678231,12,SNN,GBMLGG,2
0.819677121993546,0.4848484848484847,0.16030463371583084,0.7510639383834338,12,SNN,GBMLGG,3
0.820791517119552,0.9090909090909092,0.5080802057699292,0.9866738226678231,11,SNN,GBMLGG,3
0.8212924498129914,0.5079365079365078,0.1566817627479133,0.780700357111755,11,SNN,GBMLGG,3
0.8217560575507465,0.7272727272727271,0.37078740021222617,0.902833076806713,12,SNN,GBMLGG,3
0.8224753375546122,0.8571428571428572,0.3340538792922218,0.9785610585261756,11,SNN,GBMLGG,3
0.8228764226431635,0.6363636363636362,0.29689209884730305,0.8451633859703083,11,SNN,GBMLGG,3
0.8232639367664394,1.0,1.0,1.0,12,SNN,GBMLGG,3
0.8235815570029573,1.0,1.0,1.0,11,SNN,GBMLGG,3
0.8240894037849066,1.0,1.0,1.0,11,SNN,GBMLGG,3
0.8249406412144071,0.9090909090909092,0.5080802057699292,0.9866738226678231,12,SNN,GBMLGG,3
0.8103332805906461,0.675,0.29058535740313257,0.8824967337087402,12,SNN,GBMLGG,4
0.8113384213697507,0.7272727272727271,0.37078740021222617,0.902833076806713,11,SNN,GBMLGG,4
0.8119999898220569,0.6857142857142855,0.3045850742018473,0.8871484950277073,11,SNN,GBMLGG,4
0.8123409297696971,1.0,1.0,1.0,11,SNN,GBMLGG,4
0.8126342304305477,0.7777777777777776,0.3647512311654739,0.9392964424866017,11,SNN,GBMLGG,4
0.8130029582363819,0.9,0.47300927136205023,0.9852813933673431,12,SNN,GBMLGG,4
0.8134010471709783,0.8571428571428572,0.3340538792922218,0.9785610585261756,11,SNN,GBMLGG,4
0.8137118274325033,0.9,0.47300927136205023,0.9852813933673431,11,SNN,GBMLGG,4
0.8140886875296464,0.7407407407407405,0.2892116549635915,0.9299761470137496,11,SNN,GBMLGG,4
0.8151783449969076,0.715909090909091,0.3501903859079383,0.8990239741910536,12,SNN,GBMLGG,4
0.7976636151197994,0.5833333333333334,0.18018889101282284,0.8440686916574577,9,SNN,LUAD,0
0.8006498107592827,0.6666666666666665,0.2816822422216508,0.8783067576313743,9,SNN,LUAD,0
0.8021575837767952,0.8888888888888886,0.4329650902258062,0.9835640285255789,9,SNN,LUAD,0
0.803192042674614,1.0,1.0,1.0,9,SNN,LUAD,0
0.8042360692086327,0.8571428571428572,0.3340538792922218,0.9785610585261756,9,SNN,LUAD,0
0.8052651147158991,0.625,0.14185338993165503,0.8930506044985778,9,SNN,LUAD,0
0.8061555699584467,0.8750000000000001,0.38700001403202483,0.9813929658789661,9,SNN,LUAD,0
0.8069988234098803,0.5000000000000001,0.1520358902990239,0.774865012066889,9,SNN,LUAD,0
0.80825392187689,1.0,0.3340538792922218,0.9785610585261756,9,SNN,LUAD,0
0.81191137765033,0.9,0.47300927136205023,0.9852813933673431,10,SNN,LUAD,0
0.7365144675801296,1.0,1.0,1.0,9,SNN,LUAD,1
0.7445519865434106,0.7291666666666667,0.1372384200407827,0.8324285771124327,9,SNN,LUAD,1
0.7465847516519681,0.8571428571428572,0.3340538792922218,0.9785610585261756,9,SNN,LUAD,1
0.7474568190398657,0.8888888888888886,0.4329650902258062,0.9835640285255789,9,SNN,LUAD,1
0.7490993497103329,0.8750000000000001,0.38700001403202483,0.9813929658789661,9,SNN,LUAD,1
0.7508795268340005,0.3809523809523809,0.08918344840807234,0.6802217685341597,9,SNN,LUAD,1
0.7519259665234655,0.7777777777777776,0.3647512311654739,0.9392964424866017,9,SNN,LUAD,1
0.7541221527890198,0.8571428571428572,0.3340538792922218,0.9785610585261756,9,SNN,LUAD,1
0.7564973131287068,0.8888888888888886,0.4329650902258062,0.9835640285255789,9,SNN,LUAD,1
0.7728903589268455,0.7777777777777776,0.3647512311654739,0.9392964424866017,10,SNN,LUAD,1
0.7976106957748749,0.5333333333333332,0.17709138747003988,0.795912518291508,9,SNN,LUAD,2
0.8006371058336147,0.6349206349206347,0.12310745838151649,0.7689013585086405,9,SNN,LUAD,2
0.8023634615139204,0.8750000000000001,0.38700001403202483,0.9813929658789661,9,SNN,LUAD,2
0.8034479813721569,0.8750000000000001,0.38700001403202483,0.9813929658789661,9,SNN,LUAD,2
0.8042999384288108,0.5925925925925923,0.07652802815776467,0.8989494587669415,9,SNN,LUAD,2
0.8054665624083283,1.0,1.0,1.0,9,SNN,LUAD,2
0.8062696757057011,0.8888888888888886,0.4329650902258062,0.9835640285255789,9,SNN,LUAD,2
0.8072064362227586,0.6666666666666665,0.2816822422216508,0.8783067576313743,9,SNN,LUAD,2
0.8086384106819833,1.0,1.0,1.0,9,SNN,LUAD,2
0.811817740388396,0.9,0.47300927136205023,0.9852813933673431,10,SNN,LUAD,2
0.8085553778192365,0.7142857142857143,0.2581536654587949,0.9197974560448583,9,SNN,LUAD,3
0.8106346342929526,0.8888888888888886,0.4329650902258062,0.9835640285255789,9,SNN,LUAD,3
0.8114042330001806,0.7291666666666667,0.2763902203361229,0.9253531812572053,9,SNN,LUAD,3
0.8127453929838319,0.8888888888888886,0.3321725136385504,0.9351042486971866,9,SNN,LUAD,3
0.8132797679653274,0.7619047619047616,0.3321725136385504,0.9351042486971866,9,SNN,LUAD,3
0.8141976041742165,0.5000000000000001,0.1520358902990239,0.774865012066889,9,SNN,LUAD,3
0.8149864907321063,0.7777777777777776,0.3647512311654739,0.9392964424866017,9,SNN,LUAD,3
0.8163256564486383,1.0,1.0,1.0,9,SNN,LUAD,3
0.8181883509841907,0.6562500000000001,0.15712586365637785,0.9085853661603863,9,SNN,LUAD,3
0.8207746043704733,1.0,1.0,1.0,9,SNN,LUAD,3
0.7958336220886546,0.6481481481481479,0.25317459438599577,0.87206762779799,9,SNN,LUAD,4
0.8002551775869092,1.0,0.20380926326763904,0.9691797888667427,9,SNN,LUAD,4
0.8022556822543861,1.0,0.38700001403202483,0.9813929658789661,9,SNN,LUAD,4
0.8041353436969502,0.6222222222222221,0.21315181336803424,0.8644759848764881,9,SNN,LUAD,4
0.8055554282448243,0.8750000000000001,0.38700001403202483,0.9813929658789661,9,SNN,LUAD,4
0.8065007016194148,0.7500000000000001,0.314807113705519,0.9308983170906276,9,SNN,LUAD,4
0.8078867560101172,0.7500000000000001,0.314807113705519,0.9308983170906276,9,SNN,LUAD,4
0.809023070900198,0.6666666666666665,0.2816822422216508,0.8783067576313743,9,SNN,LUAD,4
0.8105010483484465,1.0,0.27312284992835606,0.9747124266908934,9,SNN,LUAD,4
0.8149989081465812,0.7142857142857143,0.2581536654587949,0.9197974560448583,9,SNN,LUAD,4
0.8676513437105514,0.9,0.38088152320549645,0.9425909522237037,10,SNN,UCEC,0
0.8853462412794981,1.0,1.0,1.0,2,SNN,UCEC,0
0.8884694632927489,0.9375000000000001,0.6323454417389031,0.9909531417446664,26,SNN,UCEC,0
0.8963473122270113,0.8888888888888886,0.4329650902258062,0.9835640285255789,10,SNN,UCEC,0
0.9059929408289126,1.0,1.0,1.0,5,SNN,UCEC,0
0.9100443256542133,0.9090909090909092,0.5080802057699292,0.9866738226678231,14,SNN,UCEC,0
0.9184659741537311,0.7291666666666667,0.2763902203361229,0.9253531812572053,9,SNN,UCEC,0
0.9396239748271829,0.8888888888888886,0.4329650902258062,0.9835640285255789,10,SNN,UCEC,0
0.9505982357511119,0.9,0.47300927136205023,0.9852813933673431,10,SNN,UCEC,0
0.8561645227879214,0.8571428571428572,0.3340538792922218,0.9785610585261756,10,SNN,UCEC,1
0.9033458642661338,0.8750000000000001,0.38700001403202483,0.9813929658789661,9,SNN,UCEC,1
0.9078516538174387,1.0,1.0,1.0,7,SNN,UCEC,1
0.9111882000252762,0.9466374269005847,0.754868301242359,0.9716502260841906,40,SNN,UCEC,1
0.9220992951531665,0.8441558441558444,0.5040503169361824,0.9589689023035121,20,SNN,UCEC,1
0.9516172865863257,0.7619047619047616,0.3321725136385504,0.9351042486971866,10,SNN,UCEC,1
0.817715814887302,0.675,0.29058535740313257,0.8824967337087402,10,SNN,UCEC,2
0.8590833850774106,1.0,1.0,1.0,9,SNN,UCEC,2
0.8799990953744534,0.7777777777777776,0.3647512311654739,0.9392964424866017,9,SNN,UCEC,2
0.8874818245877144,0.8571428571428572,0.3340538792922218,0.9785610585261756,7,SNN,UCEC,2
0.8888855018944545,1.0,1.0,1.0,13,SNN,UCEC,2
0.8907979222425397,0.9408602150537634,0.7829148389648383,0.9849298663080908,38,SNN,UCEC,2
0.9212553865810256,1.0,1.0,1.0,10,SNN,UCEC,2
0.880422699875203,0.8750000000000001,0.38700001403202483,0.9813929658789661,10,SNN,UCEC,3
0.9016425182088239,1.0,1.0,1.0,7,SNN,UCEC,3
0.9079858080076058,0.9317129629629628,0.7475304324526726,0.9829540279532918,40,SNN,UCEC,3
0.9203926588291689,0.8888888888888886,0.4329650902258062,0.9835640285255789,10,SNN,UCEC,3
0.9263428118368072,0.8,0.20380926326763904,0.9691797888667427,5,SNN,UCEC,3
0.9305695346869038,1.0,1.0,1.0,14,SNN,UCEC,3
0.9471293055525146,0.6999999999999998,0.3287165932797347,0.8919490412248441,10,SNN,UCEC,3
0.8687399136023738,0.8571428571428572,0.3340538792922218,0.9785610585261756,8,SNN,UCEC,4
0.9072729984197788,0.8571428571428572,0.3340538792922218,0.9785610585261756,11,SNN,UCEC,4
0.9182111641465018,0.8888888888888886,0.4329650902258062,0.9835640285255789,9,SNN,UCEC,4
0.919010999557998,0.9244444444444447,0.7301612905926343,0.9805657687998615,29,SNN,UCEC,4
0.9214701358549859,1.0,1.0,1.0,2,SNN,UCEC,4
0.9222364834217324,0.9230769230769231,0.5663594661305215,0.9887940623036894,17,SNN,UCEC,4
0.9307216613611956,1.0,1.0,1.0,10,SNN,UCEC,4
0.9603857720056462,0.7999999999999997,0.40869078163340444,0.9458726458389115,10,SNN,UCEC,4
