ECE,MCE,area_between_curves,n_bins,total_patients,model,cancer,fold
0.19536791451342908,0.4447150484812098,0.24024305993065564,10,75,AMIL-concat,BLCA,0
0.24090961214299114,0.5537633192194849,0.2540405495710822,10,75,AMIL-concat,BLCA,1
0.17226161616690494,0.5224595018058231,0.18659671289535046,10,75,AMIL-concat,BLCA,2
0.1621169920614977,0.5295614684010788,0.19741807166463657,10,74,AMIL-concat,BLCA,3
0.28945892143794477,0.5731821246291906,0.3134726613286564,10,74,AMIL-concat,BLCA,4
0.13475553815647281,0.5799937915095124,0.17181297036932788,10,192,AMIL-concat,BRCA,0
0.15669293870221804,0.7064656381562862,0.26619101391493855,10,191,AMIL-concat,BRCA,1
0.18106680919146437,0.712029248205582,0.26220369624290757,10,191,AMIL-concat,BRCA,2
0.16653243575961924,0.5089780025046692,0.25040246895861923,10,191,AMIL-concat,BRCA,3
0.10454463449004589,0.4875954575060368,0.14844096516252456,10,191,AMIL-concat,BRCA,4
0.19297199033129736,0.6643439863428121,0.16105380208913084,10,114,AMIL-concat,GBMLGG,0
0.2439021846669324,0.5169746923270688,0.2689505399005122,10,114,AMIL-concat,GBMLGG,1
0.253854531421028,0.4752966370478623,0.2657905334025163,10,114,AMIL-concat,GBMLGG,2
0.13151059704299556,0.2529988500833128,0.15076059453083512,10,114,AMIL-concat,GBMLGG,3
0.22723687037277815,0.48073483033069225,0.262774467390603,10,113,AMIL-concat,GBMLGG,4
0.2331777957515254,0.7530898173094579,0.35873038819984615,10,91,AMIL-concat,LUAD,0
0.16907392339472294,0.6953216063443156,0.21210756993681662,10,91,AMIL-concat,LUAD,1
0.19904236210528867,0.5361108569117394,0.23341066543087158,10,91,AMIL-concat,LUAD,2
0.14030138573246503,0.36976870616371993,0.143311382856773,10,90,AMIL-concat,LUAD,3
0.2222356941319294,0.8182803395934012,0.2697854283077931,10,90,AMIL-concat,LUAD,4
0.07670259693742294,0.18660108358695127,0.008028993076978944,10,96,AMIL-concat,UCEC,0
0.09894492629101266,0.22428053071915122,0.027543670413201795,10,96,AMIL-concat,UCEC,1
0.07352092459526595,0.23097386413132182,0.032581651690112054,10,96,AMIL-concat,UCEC,2
0.08681354381207386,0.2156270881688409,0.02586246251322869,10,96,AMIL-concat,UCEC,3
0.093883783464092,0.25810148183932524,0.016959389181294672,10,96,AMIL-concat,UCEC,4
0.09121870404948404,0.25390111851339636,0.003093212959664804,10,75,AMIL-sig,BLCA,0
0.1188066679087995,0.2543030770807069,0.0027325377386688723,10,75,AMIL-sig,BLCA,1
0.13646664677175896,0.30790259106984574,0.003935520440553409,10,75,AMIL-sig,BLCA,2
0.14538046996802392,0.27709490943780424,0.0031017252901118673,10,74,AMIL-sig,BLCA,3
0.10541478791711752,0.21856379263693715,0.0029772858716777483,10,74,AMIL-sig,BLCA,4
0.07679892352722462,0.1482751965432334,0.0031022860036635804,10,192,AMIL-sig,BRCA,0
0.07574075370313728,0.15626620765999177,0.00571108162574502,10,191,AMIL-sig,BRCA,1
0.06916779595697078,0.16150691963193786,0.006484590743893713,10,191,AMIL-sig,BRCA,2
0.09075326893423652,0.24709491158492025,0.004521565425021574,10,191,AMIL-sig,BRCA,3
0.07079373519100012,0.16734886934960336,0.0038317636912517336,10,191,AMIL-sig,BRCA,4
0.08921219943538496,0.17931976402471472,0.0367900403675093,10,114,AMIL-sig,GBMLGG,0
0.13237703358274644,0.29751799324360384,0.09621080964957138,10,114,AMIL-sig,GBMLGG,1
0.1601569301807142,0.2668427938923553,0.05860110546154708,10,114,AMIL-sig,GBMLGG,2
0.1457349032702332,0.289832648754253,0.09682194967967293,10,114,AMIL-sig,GBMLGG,3
0.11930578359337311,0.2474555123713696,0.03897677652176562,10,113,AMIL-sig,GBMLGG,4
0.13027181536755253,0.35881271158029915,0.005181544993869412,10,91,AMIL-sig,LUAD,0
0.08557668722383786,0.24344013394314112,0.00524910892046858,10,91,AMIL-sig,LUAD,1
0.11220865332872937,0.24281826486667935,0.0062622232165215445,10,91,AMIL-sig,LUAD,2
0.15513068589648785,0.3218895091620691,0.01045979588435121,10,90,AMIL-sig,LUAD,3
0.15618757904422095,0.4716430827667539,0.005397923402615624,10,90,AMIL-sig,LUAD,4
0.08918372625820083,0.16864498075670542,0.0021571466085748133,10,96,AMIL-sig,UCEC,0
0.08095552053815532,0.16533922349348074,0.0013877140580915819,10,96,AMIL-sig,UCEC,1
0.09246700496417389,0.15047849043944983,0.002842351873973382,10,96,AMIL-sig,UCEC,2
0.0805658545092167,0.19367549858278188,0.0015232687773409064,10,96,AMIL-sig,UCEC,3
0.06046820514708354,0.1476803206627756,0.0018190944377743316,10,96,AMIL-sig,UCEC,4
0.07847527635325184,0.14472389137071084,0.007610844858497596,10,201,Cox-PH,BRCA,0
0.34556702308774434,0.8349048623356118,0.3626007203932252,10,75,MCAT,BLCA,0
0.15732203612424875,0.33621671943750575,0.060614984961120014,10,75,MCAT,BLCA,1
0.3014643017777044,0.5968088584816162,0.2475550917277915,10,75,MCAT,BLCA,2
0.3063286705228089,0.7044094332933142,0.3715752227400864,10,74,MCAT,BLCA,3
0.15626080717459676,0.35153767699323957,0.025142814970094737,10,74,MCAT,BLCA,4
0.19957817323105168,0.6786314734987654,0.2906394860051853,20,393,MCAT,BRCA,0
0.17600820142190987,0.5827564476176418,0.24852060205785498,20,392,MCAT,BRCA,1
0.2562456608119545,0.8120000937544668,0.3100246004006229,20,392,MCAT,BRCA,2
0.2193527054737456,0.7229947878656154,0.3005932638154955,20,392,MCAT,BRCA,3
0.1943057709088522,0.5835210031076066,0.2486441274850833,20,391,MCAT,BRCA,4
0.2618687011502418,0.6575384602587165,0.23576395740742834,10,114,MCAT,GBMLGG,0
0.2342094351541577,0.5315930470922445,0.2556751459890823,10,114,MCAT,GBMLGG,1
0.22257262689160215,0.4902623942002029,0.25089068669824216,10,114,MCAT,GBMLGG,2
0.2681935324608897,0.6115751221074758,0.3589203092285633,10,114,MCAT,GBMLGG,3
0.24944577014593625,0.5516823128441865,0.3168110322311836,10,113,MCAT,GBMLGG,4
0.35888522600127487,0.7586601009047055,0.32973916717253565,10,91,MCAT,LUAD,0
0.35835105187228394,0.8817110997268626,0.3478724645779159,10,91,MCAT,LUAD,1
0.35413479768124473,0.7429501807147839,0.3792985412962464,10,91,MCAT,LUAD,2
0.3171612965624402,0.849872334074849,0.3645706849123435,10,90,MCAT,LUAD,3
0.3061899488619408,0.7192787640487521,0.2890160325009964,10,90,MCAT,LUAD,4
0.07409543552070784,0.17262166992647665,0.011333509742892711,10,96,MCAT,UCEC,0
0.07992917813484958,0.2219284513006392,0.027585821547252892,10,96,MCAT,UCEC,1
0.06448116472561556,0.2777963441243181,0.0339336514259388,10,96,MCAT,UCEC,2
0.0888024390883907,0.2898619180659646,0.011150591969039484,10,96,MCAT,UCEC,3
0.11567217740349935,0.34540805001007624,0.04405901226142707,10,96,MCAT,UCEC,4
0.0725466744050874,0.18524133943382004,0.03011072500713952,10,174,MMP,BRCA,0
0.06747790232802356,0.11066050586841125,0.014348297971575715,10,150,MMP,BRCA,1
0.08884604252182504,0.2404323703826886,0.026342144768348213,10,180,MMP,BRCA,2
0.1129942850962998,0.44254806318056544,0.08211962408917738,10,165,MMP,BRCA,3
0.1773357205156922,0.474646681617639,0.19057336097223712,10,169,MMP,BRCA,4
0.14059737193582109,0.2611013030785384,0.01028461521013573,10,75,SNN,BLCA,0
0.11490125162378627,0.2630816041410874,0.009353484096128708,10,75,SNN,BLCA,1
0.16090953937408897,0.3654230922895257,0.01816509055365071,10,75,SNN,BLCA,2
0.109554565013489,0.32682214304702595,0.01428069552932509,10,74,SNN,BLCA,3
0.10993305151489342,0.3100693576901028,0.018191672636075427,10,74,SNN,BLCA,4
0.054999704272786054,0.11653736110929869,1.1025469134099224e-05,10,192,SNN,BRCA,0
0.06611558871138623,0.16213083133730344,0.00015305547796218353,10,191,SNN,BRCA,1
0.07114971672104019,0.13148179288013284,1.3783453965972977e-05,10,191,SNN,BRCA,2
0.05329620508862626,0.12386581732070134,1.1264050552329496e-05,10,191,SNN,BRCA,3
0.06666298377645573,0.11920382857598821,1.5714443308032284e-05,10,191,SNN,BRCA,4
0.08390303204555662,0.19440866288307568,0.00040469720447504603,10,114,SNN,GBMLGG,0
0.09671364851712264,0.2898067753200111,0.0008070432303215673,10,114,SNN,GBMLGG,1
0.15126447151674918,0.23881773877900514,0.0010472404015332832,10,114,SNN,GBMLGG,2
0.16674728991756982,0.33482863714506134,0.0008483275388450969,10,114,SNN,GBMLGG,3
0.0960875068308196,0.18765907023030293,0.00045881514465350223,10,113,SNN,GBMLGG,4
0.15136715963041494,0.30699882340988016,0.002177545689661739,10,91,SNN,LUAD,0
0.12791703763840237,0.3699271458816196,0.003772854342603507,10,91,SNN,LUAD,1
0.1476518275791068,0.26427736244154165,0.0021900589884155243,10,91,SNN,LUAD,2
0.12585243937222187,0.3141976041742164,0.0015987270496164337,10,90,SNN,LUAD,3
0.13434883147045987,0.19974482241309077,0.0028514426768438874,10,90,SNN,LUAD,4
0.05315189979296439,0.18929930748706447,0.006356897046627395,9,96,SNN,UCEC,0
0.0602489363228845,0.18971252468156397,0.005745058436930639,6,96,SNN,UCEC,1
0.08293827135467441,0.142715814887302,0.0111202121358716,7,96,SNN,UCEC,2
0.06335298852083203,0.24712930555251478,0.005335352323224535,7,96,SNN,UCEC,3
0.03680902805854718,0.16038577200564652,0.00547522813053395,8,96,SNN,UCEC,4
0.0862536994106326,0.27333984337452266,0.05048598252400838,10,201,SurvPath,BRCA,0
0.10213452502231195,0.2757496735457347,0.05739720377889246,10,201,SurvPath,BRCA,1
0.19234233337057163,0.40051436430221643,0.08944801456214947,10,201,SurvPath,BRCA,2
0.1191264263859101,0.5001315805016973,0.0907539937849664,10,201,SurvPath,BRCA,3
0.12435387901561118,0.3327874856414473,0.10981024797018928,10,200,SurvPath,BRCA,4
