model,analysis,horizon,horizon_t,fold,p_value,metric_value,method
SurvPath,1-calibration,1yr,12.0,0,0.22378944389342825,,original
SurvPath,1-calibration,1yr,12.0,1,0.09668208751748697,,original
SurvPath,1-calibration,1yr,12.0,2,0.23207443460038113,,original
SurvPath,1-calibration,1yr,12.0,3,0.4324489207683342,,original
SurvPath,1-calibration,1yr,12.0,4,0.20358837449147738,,original
SurvPath,1-calibration,3yr,36.0,0,0.022828667708774453,,original
SurvPath,1-calibration,3yr,36.0,1,0.003395632945739191,,original
SurvPath,1-calibration,3yr,36.0,2,0.0002749433211949315,,original
SurvPath,1-calibration,3yr,36.0,3,0.005950719125765724,,original
SurvPath,1-calibration,3yr,36.0,4,0.018199420018846224,,original
SurvPath,1-calibration,5yr,60.0,0,3.2244083059129736e-07,,original
SurvPath,1-calibration,5yr,60.0,1,0.00010193548949866127,,original
SurvPath,1-calibration,5yr,60.0,2,1.9184266248917226e-06,,original
SurvPath,1-calibration,5yr,60.0,3,1.1262533949896181e-07,,original
SurvPath,1-calibration,5yr,60.0,4,2.1964238205995912e-08,,original
SurvPath,1-calibration,median,41.55716171264648,0,0.04784523626043691,,original
SurvPath,1-calibration,median,41.55716171264648,1,0.008503920680109966,,original
SurvPath,1-calibration,median,41.55716171264648,2,3.7072861873710394e-06,,original
SurvPath,1-calibration,median,41.55716171264648,3,0.00022255408272531252,,original
SurvPath,1-calibration,median,41.55716171264648,4,0.0003202705606482059,,original
SurvPath,MACE,1yr,12.0,0,,0.04801313460842981,original
SurvPath,MACE,1yr,12.0,1,,0.06708289425257756,original
SurvPath,MACE,1yr,12.0,2,,0.05697087833092989,original
SurvPath,MACE,1yr,12.0,3,,0.02855508918384823,original
SurvPath,MACE,1yr,12.0,4,,0.05926582385207624,original
SurvPath,MACE,3yr,36.0,0,,0.0950941245291533,original
SurvPath,MACE,3yr,36.0,1,,0.11949212971820325,original
SurvPath,MACE,3yr,36.0,2,,0.15973516732363036,original
SurvPath,MACE,3yr,36.0,3,,0.10464468115730097,original
SurvPath,MACE,3yr,36.0,4,,0.10820131865706042,original
SurvPath,MACE,5yr,60.0,0,,0.1967722662664129,original
SurvPath,MACE,5yr,60.0,1,,0.16159345967071095,original
SurvPath,MACE,5yr,60.0,2,,0.19919554645437257,original
SurvPath,MACE,5yr,60.0,3,,0.1633517423164675,original
SurvPath,MACE,5yr,60.0,4,,0.17805600876388575,original
SurvPath,MACE,median,41.55716171264648,0,,0.08882473192677894,original
SurvPath,MACE,median,41.55716171264648,1,,0.1187527898702758,original
SurvPath,MACE,median,41.55716171264648,2,,0.17603298543143625,original
SurvPath,MACE,median,41.55716171264648,3,,0.12431277957574279,original
SurvPath,MACE,median,41.55716171264648,4,,0.13800374586857816,original
SurvPath,n_eff,1yr,12.0,0,,200.86845688628375,"n_total=201,n_evt=4,n_risk=174,wt_cv=0.026"
SurvPath,n_eff,1yr,12.0,1,,200.93384697204604,"n_total=201,n_evt=3,n_risk=180,wt_cv=0.018"
SurvPath,n_eff,1yr,12.0,2,,200.91730940448628,"n_total=201,n_evt=6,n_risk=169,wt_cv=0.020"
SurvPath,n_eff,1yr,12.0,3,,200.85541597856087,"n_total=201,n_evt=4,n_risk=174,wt_cv=0.027"
SurvPath,n_eff,1yr,12.0,4,,199.92080979575454,"n_total=200,n_evt=1,n_risk=179,wt_cv=0.020"
SurvPath,n_eff,3yr,36.0,0,,189.85435336757644,"n_total=201,n_evt=13,n_risk=81,wt_cv=0.242"
SurvPath,n_eff,3yr,36.0,1,,189.84551979921503,"n_total=201,n_evt=13,n_risk=87,wt_cv=0.242"
SurvPath,n_eff,3yr,36.0,2,,188.67271749022527,"n_total=201,n_evt=12,n_risk=82,wt_cv=0.256"
SurvPath,n_eff,3yr,36.0,3,,188.839631520098,"n_total=201,n_evt=14,n_risk=84,wt_cv=0.254"
SurvPath,n_eff,3yr,36.0,4,,188.2340238124084,"n_total=200,n_evt=14,n_risk=87,wt_cv=0.250"
SurvPath,n_eff,5yr,60.0,0,,170.60399798551654,"n_total=201,n_evt=17,n_risk=50,wt_cv=0.422"
SurvPath,n_eff,5yr,60.0,1,,170.98374630400045,"n_total=201,n_evt=20,n_risk=48,wt_cv=0.419"
SurvPath,n_eff,5yr,60.0,2,,168.47641015718014,"n_total=201,n_evt=18,n_risk=50,wt_cv=0.439"
SurvPath,n_eff,5yr,60.0,3,,171.53166294746026,"n_total=201,n_evt=19,n_risk=44,wt_cv=0.414"
SurvPath,n_eff,5yr,60.0,4,,169.41474164360108,"n_total=200,n_evt=20,n_risk=50,wt_cv=0.425"
SurvPath,n_eff,median,41.55716171264648,0,,184.694231666168,"n_total=201,n_evt=14,n_risk=72,wt_cv=0.297"
SurvPath,n_eff,median,41.55716171264648,1,,184.76775371667895,"n_total=201,n_evt=15,n_risk=73,wt_cv=0.296"
SurvPath,n_eff,median,41.55716171264648,2,,183.27029980695806,"n_total=201,n_evt=13,n_risk=71,wt_cv=0.311"
SurvPath,n_eff,median,41.55716171264648,3,,184.13228291151248,"n_total=201,n_evt=14,n_risk=70,wt_cv=0.303"
SurvPath,n_eff,median,41.55716171264648,4,,183.2629567952085,"n_total=200,n_evt=14,n_risk=76,wt_cv=0.302"
SurvPath,platt_transfer,1yr,12.0,0,0.05234368631805697,,platt_fit_at_median(41.6)
SurvPath,platt_transfer,1yr,12.0,1,0.009451200431981333,,platt_fit_at_median(41.6)
SurvPath,platt_transfer,1yr,12.0,2,0.046329881725694855,,platt_fit_at_median(41.6)
SurvPath,platt_transfer,1yr,12.0,3,0.1255557272698492,,platt_fit_at_median(41.6)
SurvPath,platt_transfer,1yr,12.0,4,0.002285018232785041,,platt_fit_at_median(41.6)
SurvPath,platt_transfer,3yr,36.0,0,0.41974138132617766,,platt_fit_at_median(41.6)
SurvPath,platt_transfer,3yr,36.0,1,0.07621730296514073,,platt_fit_at_median(41.6)
SurvPath,platt_transfer,3yr,36.0,2,0.06793855423700068,,platt_fit_at_median(41.6)
SurvPath,platt_transfer,3yr,36.0,3,0.25796801429253624,,platt_fit_at_median(41.6)
SurvPath,platt_transfer,3yr,36.0,4,0.24614818340710365,,platt_fit_at_median(41.6)
SurvPath,platt_transfer,5yr,60.0,0,0.0009410480547245026,,platt_fit_at_median(41.6)
SurvPath,platt_transfer,5yr,60.0,1,0.12759345201033534,,platt_fit_at_median(41.6)
SurvPath,platt_transfer,5yr,60.0,2,0.43671561393412517,,platt_fit_at_median(41.6)
SurvPath,platt_transfer,5yr,60.0,3,0.00025330143948321115,,platt_fit_at_median(41.6)
SurvPath,platt_transfer,5yr,60.0,4,0.0037657380588493883,,platt_fit_at_median(41.6)
SurvPath,platt_transfer,median,41.55716171264648,0,0.11422344687840091,,platt_fit_at_median(41.6)
SurvPath,platt_transfer,median,41.55716171264648,1,0.36769947463362174,,platt_fit_at_median(41.6)
SurvPath,platt_transfer,median,41.55716171264648,2,0.0026052230872884996,,platt_fit_at_median(41.6)
SurvPath,platt_transfer,median,41.55716171264648,3,0.11577590797439496,,platt_fit_at_median(41.6)
SurvPath,platt_transfer,median,41.55716171264648,4,0.17885697936510847,,platt_fit_at_median(41.6)
MCAT,1-calibration,1yr,12.0,0,0.2347656549557775,,original
MCAT,1-calibration,1yr,12.0,1,0.13523355413434923,,original
MCAT,1-calibration,1yr,12.0,2,0.005476099231556675,,original
MCAT,1-calibration,1yr,12.0,3,0.09340755498948583,,original
MCAT,1-calibration,1yr,12.0,4,0.01937418594370477,,original
MCAT,1-calibration,3yr,36.0,0,0.0,,original
MCAT,1-calibration,3yr,36.0,1,6.011744269063257e-08,,original
MCAT,1-calibration,3yr,36.0,2,0.0,,original
MCAT,1-calibration,3yr,36.0,3,9.2148511043888e-15,,original
MCAT,1-calibration,3yr,36.0,4,9.370282327836321e-13,,original
MCAT,1-calibration,5yr,60.0,0,0.0,,original
MCAT,1-calibration,5yr,60.0,1,1.1102230246251565e-16,,original
MCAT,1-calibration,5yr,60.0,2,0.0,,original
MCAT,1-calibration,5yr,60.0,3,0.0,,original
MCAT,1-calibration,5yr,60.0,4,0.0,,original
MCAT,1-calibration,median,41.55716162943495,0,0.0,,original
MCAT,1-calibration,median,41.55716162943495,1,4.3467703214616904e-08,,original
MCAT,1-calibration,median,41.55716162943495,2,0.0,,original
MCAT,1-calibration,median,41.55716162943495,3,0.0,,original
MCAT,1-calibration,median,41.55716162943495,4,1.1102230246251565e-16,,original
MCAT,MACE,1yr,12.0,0,,0.054225338872027774,original
MCAT,MACE,1yr,12.0,1,,0.05821232097732786,original
MCAT,MACE,1yr,12.0,2,,0.05780996946204728,original
MCAT,MACE,1yr,12.0,3,,0.057211454683334065,original
MCAT,MACE,1yr,12.0,4,,0.07457571053611722,original
MCAT,MACE,3yr,36.0,0,,0.15700594987521974,original
MCAT,MACE,3yr,36.0,1,,0.13558318864370209,original
MCAT,MACE,3yr,36.0,2,,0.1940470111020037,original
MCAT,MACE,3yr,36.0,3,,0.15689281663515853,original
MCAT,MACE,3yr,36.0,4,,0.18413409423281724,original
MCAT,MACE,5yr,60.0,0,,0.20434139197696985,original
MCAT,MACE,5yr,60.0,1,,0.18247057153231558,original
MCAT,MACE,5yr,60.0,2,,0.24581933089443456,original
MCAT,MACE,5yr,60.0,3,,0.20985336490605042,original
MCAT,MACE,5yr,60.0,4,,0.19762485221666146,original
MCAT,MACE,median,41.55716162943495,0,,0.1650920096270534,original
MCAT,MACE,median,41.55716162943495,1,,0.14270404315041033,original
MCAT,MACE,median,41.55716162943495,2,,0.2210539484323878,original
MCAT,MACE,median,41.55716162943495,3,,0.17029820675354942,original
MCAT,MACE,median,41.55716162943495,4,,0.2032842777524449,original
MCAT,n_eff,1yr,12.0,0,,200.86845688628375,"n_total=201,n_evt=4,n_risk=174,wt_cv=0.026"
MCAT,n_eff,1yr,12.0,1,,200.93384697204604,"n_total=201,n_evt=3,n_risk=180,wt_cv=0.018"
MCAT,n_eff,1yr,12.0,2,,200.91730940448628,"n_total=201,n_evt=6,n_risk=169,wt_cv=0.020"
MCAT,n_eff,1yr,12.0,3,,200.85541597856087,"n_total=201,n_evt=4,n_risk=174,wt_cv=0.027"
MCAT,n_eff,1yr,12.0,4,,199.92080979575454,"n_total=200,n_evt=1,n_risk=179,wt_cv=0.020"
MCAT,n_eff,3yr,36.0,0,,189.85651185511034,"n_total=201,n_evt=13,n_risk=81,wt_cv=0.242"
MCAT,n_eff,3yr,36.0,1,,189.8466599940089,"n_total=201,n_evt=13,n_risk=87,wt_cv=0.242"
MCAT,n_eff,3yr,36.0,2,,188.67414656035905,"n_total=201,n_evt=12,n_risk=82,wt_cv=0.256"
MCAT,n_eff,3yr,36.0,3,,188.839631520098,"n_total=201,n_evt=14,n_risk=84,wt_cv=0.254"
MCAT,n_eff,3yr,36.0,4,,188.23660401214903,"n_total=200,n_evt=14,n_risk=87,wt_cv=0.250"
MCAT,n_eff,5yr,60.0,0,,170.60496553980278,"n_total=201,n_evt=17,n_risk=50,wt_cv=0.422"
MCAT,n_eff,5yr,60.0,1,,170.99668717910868,"n_total=201,n_evt=20,n_risk=48,wt_cv=0.419"
MCAT,n_eff,5yr,60.0,2,,168.47365216287946,"n_total=201,n_evt=18,n_risk=50,wt_cv=0.439"
MCAT,n_eff,5yr,60.0,3,,171.53503683834398,"n_total=201,n_evt=19,n_risk=44,wt_cv=0.414"
MCAT,n_eff,5yr,60.0,4,,169.41879558121357,"n_total=200,n_evt=20,n_risk=50,wt_cv=0.425"
MCAT,n_eff,median,41.55716162943495,0,,184.694231666168,"n_total=201,n_evt=14,n_risk=72,wt_cv=0.297"
MCAT,n_eff,median,41.55716162943495,1,,184.76775371667895,"n_total=201,n_evt=15,n_risk=73,wt_cv=0.296"
MCAT,n_eff,median,41.55716162943495,2,,183.27107666588864,"n_total=201,n_evt=13,n_risk=71,wt_cv=0.311"
MCAT,n_eff,median,41.55716162943495,3,,184.13228291151248,"n_total=201,n_evt=14,n_risk=70,wt_cv=0.303"
MCAT,n_eff,median,41.55716162943495,4,,183.2635169354801,"n_total=200,n_evt=14,n_risk=76,wt_cv=0.302"
MCAT,platt_transfer,1yr,12.0,0,0.019039366833610072,,platt_fit_at_median(41.6)
MCAT,platt_transfer,1yr,12.0,1,0.018844383359472805,,platt_fit_at_median(41.6)
MCAT,platt_transfer,1yr,12.0,2,0.031876508789060565,,platt_fit_at_median(41.6)
MCAT,platt_transfer,1yr,12.0,3,0.021727944919041398,,platt_fit_at_median(41.6)
MCAT,platt_transfer,1yr,12.0,4,0.003408287368730556,,platt_fit_at_median(41.6)
MCAT,platt_transfer,3yr,36.0,0,0.19035895031972072,,platt_fit_at_median(41.6)
MCAT,platt_transfer,3yr,36.0,1,0.1886451266457454,,platt_fit_at_median(41.6)
MCAT,platt_transfer,3yr,36.0,2,0.046263247627705395,,platt_fit_at_median(41.6)
MCAT,platt_transfer,3yr,36.0,3,0.023864390307889005,,platt_fit_at_median(41.6)
MCAT,platt_transfer,3yr,36.0,4,0.0982372173332251,,platt_fit_at_median(41.6)
MCAT,platt_transfer,5yr,60.0,0,0.04887027053782733,,platt_fit_at_median(41.6)
MCAT,platt_transfer,5yr,60.0,1,0.004469330765910051,,platt_fit_at_median(41.6)
MCAT,platt_transfer,5yr,60.0,2,0.017057808224050786,,platt_fit_at_median(41.6)
MCAT,platt_transfer,5yr,60.0,3,3.584221808239363e-11,,platt_fit_at_median(41.6)
MCAT,platt_transfer,5yr,60.0,4,0.026102340245354738,,platt_fit_at_median(41.6)
MCAT,platt_transfer,median,41.55716162943495,0,0.3065768888518936,,platt_fit_at_median(41.6)
MCAT,platt_transfer,median,41.55716162943495,1,0.2741468587513103,,platt_fit_at_median(41.6)
MCAT,platt_transfer,median,41.55716162943495,2,0.018289178034050724,,platt_fit_at_median(41.6)
MCAT,platt_transfer,median,41.55716162943495,3,0.024395669590852265,,platt_fit_at_median(41.6)
MCAT,platt_transfer,median,41.55716162943495,4,0.0849363282952873,,platt_fit_at_median(41.6)
MMP,1-calibration,1yr,365.25,0,0.6660869786459891,,original
MMP,1-calibration,1yr,365.25,1,0.002016358617977443,,original
MMP,1-calibration,1yr,365.25,2,0.8073991545548853,,original
MMP,1-calibration,1yr,365.25,3,0.14295892078904426,,original
MMP,1-calibration,1yr,365.25,4,0.6734651348419922,,original
MMP,1-calibration,3yr,1095.75,0,0.079720572259395,,original
MMP,1-calibration,3yr,1095.75,1,0.29959990026151706,,original
MMP,1-calibration,3yr,1095.75,2,0.12533439145212788,,original
MMP,1-calibration,3yr,1095.75,3,0.005282578476013322,,original
MMP,1-calibration,3yr,1095.75,4,0.12014859780893794,,original
MMP,1-calibration,5yr,1826.25,0,1.8075837196374067e-05,,original
MMP,1-calibration,5yr,1826.25,1,0.00016155020370856032,,original
MMP,1-calibration,5yr,1826.25,2,0.00010908639073481385,,original
MMP,1-calibration,5yr,1826.25,3,2.5622837185323988e-12,,original
MMP,1-calibration,5yr,1826.25,4,1.470239726630851e-06,,original
MMP,1-calibration,median,1321.4,0,0.02808581344860872,,original
MMP,1-calibration,median,1321.4,1,0.19029551937331068,,original
MMP,1-calibration,median,1321.4,2,0.011935198911795286,,original
MMP,1-calibration,median,1321.4,3,8.133355888784166e-08,,original
MMP,1-calibration,median,1321.4,4,0.0542646450642611,,original
MMP,MACE,1yr,365.25,0,,0.02863560064928479,original
MMP,MACE,1yr,365.25,1,,0.028944899757262204,original
MMP,MACE,1yr,365.25,2,,0.02343161547547111,original
MMP,MACE,1yr,365.25,3,,0.03126199962987371,original
MMP,MACE,1yr,365.25,4,,0.0330600897922222,original
MMP,MACE,3yr,1095.75,0,,0.08476279409528366,original
MMP,MACE,3yr,1095.75,1,,0.07679546136541567,original
MMP,MACE,3yr,1095.75,2,,0.06705566076169289,original
MMP,MACE,3yr,1095.75,3,,0.10243616713493836,original
MMP,MACE,3yr,1095.75,4,,0.0881870610534279,original
MMP,MACE,5yr,1826.25,0,,0.1575216544933327,original
MMP,MACE,5yr,1826.25,1,,0.1511591129029443,original
MMP,MACE,5yr,1826.25,2,,0.12638843649169032,original
MMP,MACE,5yr,1826.25,3,,0.22277321621887206,original
MMP,MACE,5yr,1826.25,4,,0.1721342945040042,original
MMP,MACE,median,1321.4,0,,0.09796490370826948,original
MMP,MACE,median,1321.4,1,,0.08950741373390743,original
MMP,MACE,median,1321.4,2,,0.0796617150923694,original
MMP,MACE,median,1321.4,3,,0.14289491882155483,original
MMP,MACE,median,1321.4,4,,0.09921780686571659,original
MMP,n_eff,1yr,365.25,0,,173.89753936970027,"n_total=174,n_evt=1,n_risk=156,wt_cv=0.024"
MMP,n_eff,1yr,365.25,1,,149.92015062760694,"n_total=150,n_evt=4,n_risk=132,wt_cv=0.023"
MMP,n_eff,1yr,365.25,2,,179.9141502700757,"n_total=180,n_evt=3,n_risk=157,wt_cv=0.022"
MMP,n_eff,1yr,365.25,3,,164.8939201553346,"n_total=165,n_evt=3,n_risk=139,wt_cv=0.025"
MMP,n_eff,1yr,365.25,4,,168.97972342459474,"n_total=169,n_evt=3,n_risk=151,wt_cv=0.011"
MMP,n_eff,3yr,1095.75,0,,162.9718494614924,"n_total=174,n_evt=6,n_risk=72,wt_cv=0.260"
MMP,n_eff,3yr,1095.75,1,,141.7358371008284,"n_total=150,n_evt=10,n_risk=55,wt_cv=0.241"
MMP,n_eff,3yr,1095.75,2,,169.19398734498918,"n_total=180,n_evt=10,n_risk=82,wt_cv=0.253"
MMP,n_eff,3yr,1095.75,3,,153.3666950064118,"n_total=165,n_evt=6,n_risk=70,wt_cv=0.275"
MMP,n_eff,3yr,1095.75,4,,156.41444961469534,"n_total=169,n_evt=11,n_risk=80,wt_cv=0.284"
MMP,n_eff,5yr,1826.25,0,,146.14431503356627,"n_total=174,n_evt=7,n_risk=44,wt_cv=0.437"
MMP,n_eff,5yr,1826.25,1,,127.58677433442888,"n_total=150,n_evt=12,n_risk=32,wt_cv=0.419"
MMP,n_eff,5yr,1826.25,2,,153.10499376254015,"n_total=180,n_evt=22,n_risk=45,wt_cv=0.419"
MMP,n_eff,5yr,1826.25,3,,137.82392735194185,"n_total=165,n_evt=9,n_risk=40,wt_cv=0.444"
MMP,n_eff,5yr,1826.25,4,,139.7939548313914,"n_total=169,n_evt=13,n_risk=52,wt_cv=0.457"
MMP,n_eff,median,1321.4,0,,157.9929984187709,"n_total=174,n_evt=6,n_risk=56,wt_cv=0.318"
MMP,n_eff,median,1321.4,1,,136.6087841872341,"n_total=150,n_evt=10,n_risk=49,wt_cv=0.313"
MMP,n_eff,median,1321.4,2,,163.99275213400267,"n_total=180,n_evt=13,n_risk=68,wt_cv=0.312"
MMP,n_eff,median,1321.4,3,,147.68224525264486,"n_total=165,n_evt=8,n_risk=58,wt_cv=0.342"
MMP,n_eff,median,1321.4,4,,150.8707028864197,"n_total=169,n_evt=11,n_risk=69,wt_cv=0.347"
MMP,platt_transfer,1yr,365.25,0,0.00669780947909937,,platt_fit_at_median(1321.4)
MMP,platt_transfer,1yr,365.25,1,0.13261606385464897,,platt_fit_at_median(1321.4)
MMP,platt_transfer,1yr,365.25,2,0.027143924368762895,,platt_fit_at_median(1321.4)
MMP,platt_transfer,1yr,365.25,3,0.04514072091432064,,platt_fit_at_median(1321.4)
MMP,platt_transfer,1yr,365.25,4,0.01936721893407478,,platt_fit_at_median(1321.4)
MMP,platt_transfer,3yr,1095.75,0,0.040416221132130614,,platt_fit_at_median(1321.4)
MMP,platt_transfer,3yr,1095.75,1,0.6134248538907484,,platt_fit_at_median(1321.4)
MMP,platt_transfer,3yr,1095.75,2,0.011109290477905098,,platt_fit_at_median(1321.4)
MMP,platt_transfer,3yr,1095.75,3,0.03822934868305072,,platt_fit_at_median(1321.4)
MMP,platt_transfer,3yr,1095.75,4,0.0769912711497065,,platt_fit_at_median(1321.4)
MMP,platt_transfer,5yr,1826.25,0,0.030830567080172178,,platt_fit_at_median(1321.4)
MMP,platt_transfer,5yr,1826.25,1,0.0481780963544024,,platt_fit_at_median(1321.4)
MMP,platt_transfer,5yr,1826.25,2,2.665938096946263e-07,,platt_fit_at_median(1321.4)
MMP,platt_transfer,5yr,1826.25,3,0.001283781428765729,,platt_fit_at_median(1321.4)
MMP,platt_transfer,5yr,1826.25,4,0.004430576459227398,,platt_fit_at_median(1321.4)
MMP,platt_transfer,median,1321.4,0,0.03335220586385634,,platt_fit_at_median(1321.4)
MMP,platt_transfer,median,1321.4,1,0.6018616892015979,,platt_fit_at_median(1321.4)
MMP,platt_transfer,median,1321.4,2,0.0040330447634272515,,platt_fit_at_median(1321.4)
MMP,platt_transfer,median,1321.4,3,0.002217794752155,,platt_fit_at_median(1321.4)
MMP,platt_transfer,median,1321.4,4,0.08434184634420283,,platt_fit_at_median(1321.4)
